timestamp,x_acc,y_acc,z_acc,x_gyro,y_gyro,z_gyro
1731169389.4613652,0.3,-1.1,-0.27,-71.35,4.03,48.58
1731169488.4613652,0.31,-0.7,-0.17,-16.42,19.59,34.0
1731169587.4613652,0.35,-0.95,-0.22,11.66,-15.5,-44.31
1731169687.4613652,0.32,-1.0,-0.01,-25.63,2.2,32.59
1731169787.4613652,0.39,-0.73,-0.22,18.13,18.49,18.49
1731169887.4613652,0.38,-0.89,-0.27,12.33,-26.61,-59.45
1731169987.4613652,0.3,-1.02,0.05,-19.1,12.21,39.43
1731170086.4613652,0.32,-0.93,-0.35,64.58,10.31,13.55
1731170186.4613652,0.31,-1.08,-0.2,66.77,-18.25,-54.63
1731170285.4613652,0.37,-0.87,-0.21,-39.92,20.08,45.72
1731170385.4613652,0.34,-0.75,-0.47,34.3,12.15,-2.69
1731170485.4613652,0.31,-1.09,-0.34,50.66,6.35,-52.8
1731170585.4613652,0.27,-0.82,-0.31,-72.08,12.02,67.2
1731170684.4613652,0.35,-0.68,-0.37,34.97,4.27,-6.65
1731170784.4613652,0.31,-1.08,-0.4,15.01,-12.7,-44.49
1731170883.4613652,0.35,-0.9,-0.34,-30.03,3.54,41.99
1731170982.4613652,0.24,-0.79,-0.4,37.05,0.61,-3.05
1731171082.4613652,0.27,-1.05,-0.45,76.17,-16.54,-57.92
1731171182.4613652,0.33,-0.95,-0.35,-34.73,-5.8,47.97
1731171282.4613652,0.27,-0.75,-0.48,52.86,-11.9,14.04
1731171382.4613652,0.19,-1.11,-0.56,28.93,-11.84,-42.85
1731171482.4613652,0.39,-0.85,-0.39,-36.07,10.74,45.59
1731171582.4613652,0.36,-0.74,-0.4,28.08,1.77,26.25
1731171681.4613652,0.32,-0.85,-0.42,17.03,-3.97,-47.3
1731171780.4613652,0.38,-0.95,-0.23,-42.05,8.3,35.16
1731171880.4613652,0.47,-0.57,-0.33,-5.37,14.28,26.18
1731171979.4613652,0.39,-0.77,-0.37,0.49,-4.15,-51.39
1731172079.4613652,0.37,-0.97,-0.14,-35.34,6.04,35.95
1731172178.4613652,0.49,-0.62,-0.39,16.78,13.79,21.79
1731172278.4613652,0.36,-0.82,-0.41,-1.34,-11.47,-50.42
1731172377.4613652,0.36,-1.0,-0.18,-4.15,6.35,26.73
1731172476.4613652,0.44,-0.74,-0.46,51.51,14.16,16.11
1731172576.4613652,0.34,-0.81,-0.41,20.45,-10.62,-58.9
1731172675.4613652,0.42,-0.89,-0.27,-29.54,15.26,43.33
1731172774.4613652,0.41,-0.65,-0.41,57.19,7.93,2.44
1731172873.4613652,0.3,-0.75,-0.44,46.63,-1.77,-67.87
1731172973.4613652,0.36,-1.0,-0.51,-44.13,7.2,38.64
1731173072.4613652,0.41,-0.58,-0.43,36.32,8.0,11.96
1731173172.4613652,0.31,-0.6,-0.51,26.37,4.88,-51.51
1731173271.4613652,0.37,-0.97,-0.66,-44.74,5.43,32.71
1731173370.4613652,0.46,-0.49,-0.48,-5.31,-1.77,18.68
1731173470.4613652,0.34,-0.58,-0.52,11.11,-5.68,-38.33
1731173569.4613652,0.34,-1.0,-0.56,-34.97,4.88,30.94
1731173668.4613652,0.49,-0.49,-0.46,-16.85,-2.26,20.2
1731173768.4613652,0.44,-0.55,-0.47,-1.22,-2.87,-37.9
1731173868.4613652,0.37,-1.06,-0.47,-68.66,-13.67,21.91
1731173967.4613652,0.49,-0.59,-0.46,17.64,9.46,14.16
1731174067.4613652,0.46,-0.55,-0.44,7.75,2.75,-51.7
1731174167.4613652,0.4,-0.95,-0.36,-38.88,8.06,23.56
1731174267.4613652,0.41,-0.66,-0.39,56.7,8.85,8.3
1731174366.4613652,0.34,-0.58,-0.44,21.12,2.2,-57.01
1731174465.4613652,0.38,-0.97,-0.55,-59.14,9.34,32.41
1731174565.4613652,0.44,-0.65,-0.45,8.67,6.47,26.37
1731174665.4613652,0.37,-0.6,-0.64,15.69,-3.05,-33.02
1731174765.4613652,0.31,-1.0,-0.6,-43.27,7.32,24.72
1731174865.4613652,0.46,-0.74,-0.54,-18.31,7.87,40.71
1731174964.4613652,0.43,-0.57,-0.62,20.57,-4.27,-12.15
1731175064.4613652,0.38,-1.01,-0.61,-11.78,-18.37,-10.62
1731175164.4613652,0.52,-0.63,-0.36,3.85,-11.23,13.67
1731175263.4613652,0.47,-0.57,-0.56,41.26,3.91,-45.41
1731175362.4613652,0.36,-0.98,-0.57,-29.66,2.44,9.16
1731175461.4613652,0.44,-0.58,-0.43,15.87,15.75,22.16
1731175561.4613652,0.35,-0.59,-0.44,17.82,10.68,-41.69
1731175660.4613652,0.39,-1.02,-0.69,-49.8,10.62,21.12
1731175760.4613652,0.41,-0.6,-0.52,21.61,5.74,36.74
1731175860.4613652,0.34,-0.58,-0.55,7.57,7.63,-43.33
1731175960.4613652,0.37,-0.93,-0.69,-49.56,10.62,34.85
1731176060.4613652,0.48,-0.49,-0.54,-8.79,-5.62,23.62
1731176159.4613652,0.4,-0.47,-0.54,10.31,-6.23,-43.95
1731176259.4613652,0.36,-1.0,-0.57,-51.03,-14.34,19.71
1731176359.4613652,0.5,-0.56,-0.35,22.09,-15.01,-7.2
1731176459.4613652,0.38,-0.7,-0.4,28.75,-0.85,-55.66
1731176559.4613652,0.34,-0.89,-0.42,-31.8,3.36,35.16
1731176658.4613652,0.38,-0.68,-0.62,19.9,20.32,18.43
1731176757.4613652,0.33,-0.94,-0.57,8.48,22.71,-27.71
1731176857.4613652,0.46,-0.68,-0.45,-36.44,4.09,46.57
1731176956.4613652,0.36,-0.63,-0.47,61.77,-5.37,-8.79
1731177055.4613652,0.29,-0.83,-0.56,54.2,6.41,-48.34
1731177155.4613652,0.44,-0.77,-0.62,-42.97,3.3,45.47
1731177254.4613652,0.34,-0.68,-0.59,35.89,-5.49,10.86
1731177354.4613652,0.31,-0.9,-0.66,15.32,-3.42,-36.68
1731177454.4613652,0.41,-0.76,-0.52,-36.5,0.37,45.9
1731177554.4613652,0.39,-0.66,-0.52,48.46,-3.72,2.26
1731177654.4613652,0.35,-0.99,-0.6,27.4,-2.93,-44.37
1731177753.4613652,0.42,-0.72,-0.46,-15.63,7.81,41.56
1731177853.4613652,0.4,-0.71,-0.66,33.2,7.87,14.95
1731177953.4613652,0.36,-0.9,-0.56,21.91,2.08,-45.65
1731178053.4613652,0.4,-0.8,-0.49,-23.5,12.27,50.05
1731178152.4613652,0.36,-0.73,-0.61,66.35,2.81,12.39
1731178252.4613652,0.31,-0.83,-0.6,19.84,-1.95,-44.98
1731178351.4613652,0.35,-0.82,-0.45,-42.85,9.58,50.78
1731178451.4613652,0.46,-0.63,-0.48,20.26,1.89,16.72
1731178551.4613652,0.42,-0.66,-0.48,-1.34,-11.05,-37.9
1731178651.4613652,0.43,-0.82,-0.39,-26.98,-6.47,34.42
1731178750.4613652,0.45,-0.69,-0.59,34.42,-2.62,-3.3
1731178850.4613652,0.42,-0.97,-0.59,38.15,-12.33,-46.81
1731178950.4613652,0.46,-0.64,-0.46,-23.13,16.05,40.41
1731179049.4613652,0.43,-0.62,-0.63,-14.04,7.51,-9.89
1731179148.4613652,0.4,-1.08,-0.64,12.45,6.47,-25.7
1731179247.4613652,0.44,-0.6,-0.48,-11.29,16.54,40.04
1731179346.4613652,0.4,-0.64,-0.68,9.7,7.32,-11.29
1731179446.4613652,0.3,-1.06,-0.68,15.99,21.55,-15.2
1731179546.4613652,0.4,-0.66,-0.58,-20.08,-4.27,52.67
1731179645.4613652,0.32,-0.68,-0.69,62.44,-11.78,-2.44
1731179745.4613652,0.29,-0.9,-0.67,23.07,1.65,-29.11
1731179845.4613652,0.45,-0.76,-0.6,-31.01,1.89,33.39
1731179944.4613652,0.4,-0.62,-0.48,18.43,-4.88,15.44
1731180044.4613652,0.39,-0.55,-0.46,-0.18,6.04,-33.33
1731180143.4613652,0.4,-0.85,-0.54,-64.15,13.79,28.63
1731180243.4613652,0.49,-0.48,-0.49,-7.02,6.59,16.91
1731180342.4613652,0.39,-0.53,-0.43,-7.02,-3.17,-42.6
1731180442.4613652,0.37,-0.97,-0.42,-33.63,-6.84,24.9
1731180542.4613652,0.5,-0.56,-0.37,23.19,-0.24,10.56
1731180641.4613652,0.45,-0.48,-0.47,6.77,-0.85,-36.07
1731180741.4613652,0.39,-0.97,-0.5,-23.19,-3.85,23.62
1731180840.4613652,0.45,-0.61,-0.49,21.3,8.36,14.77
1731180939.4613652,0.42,-0.47,-0.46,14.47,7.08,-41.44
1731181038.4613652,0.34,-1.12,-0.8,4.76,5.68,-5.98
1731181137.4613652,0.5,-0.5,-0.56,10.93,5.98,31.56
1731181237.4613652,0.39,-0.51,-0.64,-32.65,5.25,-16.3
1731181337.4613652,0.3,-1.05,-0.84,-61.89,13.31,33.69
1731181437.4613652,0.49,-0.56,-0.58,-0.18,3.42,25.76
1731181536.4613652,0.4,-0.56,-0.68,29.48,-6.53,-26.25
1731181636.4613652,0.38,-1.05,-0.63,-36.62,-0.12,5.74
1731181736.4613652,0.48,-0.65,-0.58,-31.13,4.09,35.4
1731181836.4613652,0.44,-0.52,-0.63,21.48,-0.79,-3.17
1731181935.4613652,0.44,-1.09,-0.68,17.4,-12.39,-28.56
1731182034.4613652,0.47,-0.72,-0.49,-11.11,8.79,41.99
1731182134.4613652,0.42,-0.67,-0.75,19.41,8.36,-4.94
1731182234.4613652,0.37,-0.99,-0.66,19.84,14.77,-61.65
1731182334.4613652,0.43,-0.59,-0.5,-11.72,4.03,45.53
1731182433.4613652,0.35,-0.59,-0.71,45.53,4.94,-19.35
1731182533.4613652,0.21,-1.01,-0.7,-11.11,22.71,-22.64
1731182633.4613652,0.38,-0.63,-0.65,-11.84,-2.69,57.07
1731182732.4613652,0.33,-0.58,-0.69,34.42,-7.39,2.56
1731182832.4613652,0.33,-1.08,-0.7,-22.4,6.47,-5.31
1731182931.4613652,0.42,-0.79,-0.63,-23.13,-4.33,57.37
1731183030.4613652,0.42,-0.58,-0.48,33.33,-13.24,5.8
1731183130.4613652,0.43,-0.71,-0.53,23.68,-1.34,-42.6
1731183229.4613652,0.43,-0.86,-0.47,-42.3,-1.34,36.99
1731183329.4613652,0.48,-0.5,-0.37,31.25,-4.7,-2.08
1731183428.4613652,0.45,-0.49,-0.48,17.76,-0.18,-47.3
1731183527.4613652,0.41,-0.91,-0.51,-62.56,-5.43,17.4
1731183627.4613652,0.46,-0.66,-0.52,-14.34,18.07,39.0
1731183727.4613652,0.49,-0.5,-0.56,-12.27,5.37,-18.92
1731183827.4613652,0.45,-1.08,-0.65,-46.94,-7.32,-2.38
1731183927.4613652,0.46,-0.71,-0.46,-7.63,18.68,42.91
1731184026.4613652,0.51,-0.59,-0.72,-6.41,4.94,8.18
1731184125.4613652,0.44,-1.1,-0.59,1.89,-7.69,-37.54
1731184224.4613652,0.52,-0.69,-0.47,-1.34,17.76,38.45
1731184323.4613652,0.46,-0.65,-0.72,31.13,-1.4,6.04
1731184423.4613652,0.4,-1.0,-0.67,35.77,-15.01,-45.47
1731184522.4613652,0.48,-0.65,-0.54,-9.22,0.49,46.69
1731184622.4613652,0.46,-0.57,-0.62,3.78,-2.26,-12.88
1731184722.4613652,0.41,-1.05,-0.7,33.14,1.04,-24.48
1731184822.4613652,0.49,-0.58,-0.5,-21.73,9.52,40.71
1731184921.4613652,0.45,-0.57,-0.69,-9.46,4.88,-18.49
1731185021.4613652,0.36,-0.87,-0.51,-5.8,15.63,-34.36
1731185121.4613652,0.39,-0.74,-0.57,-17.21,10.07,41.38
1731185221.4613652,0.39,-0.66,-0.68,34.91,10.62,12.94
1731185321.4613652,0.37,-0.73,-0.53,18.01,4.7,-36.07
1731185421.4613652,0.4,-0.85,-0.59,-22.95,6.47,34.0
1731185521.4613652,0.43,-0.53,-0.55,34.0,3.97,15.63
1731185621.4613652,0.31,-0.53,-0.62,23.68,7.93,-39.92
1731185720.4613652,0.39,-0.87,-0.79,-30.64,-0.18,10.74
1731185820.4613652,0.44,-0.56,-0.56,-15.87,-19.9,38.33
1731185920.4613652,0.44,-0.44,-0.53,2.38,-4.94,-35.1
1731186020.4613652,0.4,-1.03,-0.62,-65.92,-13.43,18.8
1731186120.4613652,0.55,-0.51,-0.49,16.17,1.46,21.12
1731186219.4613652,0.51,-0.52,-0.59,-38.27,0.55,-22.71
1731186319.4613652,0.44,-1.0,-0.59,-39.37,-5.98,-2.93
1731186418.4613652,0.55,-0.57,-0.5,1.16,15.75,23.38
1731186517.4613652,0.48,-0.58,-0.59,-28.38,0.18,-17.94
1731186617.4613652,0.44,-1.11,-0.66,-47.91,-0.55,-3.23
1731186716.4613652,0.54,-0.6,-0.47,-5.31,20.63,43.88
1731186816.4613652,0.51,-0.58,-0.67,-17.09,1.89,2.01
1731186915.4613652,0.45,-1.02,-0.74,-13.43,2.93,2.81
1731187015.4613652,0.58,-0.56,-0.5,-9.09,0.0,29.85
1731187115.4613652,0.51,-0.46,-0.61,47.91,-7.14,-26.49
1731187214.4613652,0.4,-1.17,-0.86,44.8,-18.37,-29.91
1731187313.4613652,0.51,-0.59,-0.53,0.67,2.93,26.73
1731187412.4613652,0.48,-0.56,-0.58,22.64,4.88,-37.66
1731187512.4613652,0.43,-0.93,-0.61,-29.91,-1.4,15.99
1731187612.4613652,0.44,-0.5,-0.52,1.1,13.24,19.23
1731187712.4613652,0.41,-0.6,-0.55,0.43,10.25,-30.82
1731187811.4613652,0.41,-0.95,-0.8,-26.25,10.5,4.7
1731187910.4613652,0.5,-0.5,-0.51,15.63,-0.12,24.11
1731188010.4613652,0.37,-0.57,-0.8,-16.3,8.54,-20.2
1731188110.4613652,0.41,-0.94,-0.69,-47.97,5.98,16.54
1731188210.4613652,0.54,-0.57,-0.58,-24.9,-1.4,38.88
1731188309.4613652,0.38,-0.62,-0.63,43.15,-7.02,-14.22
1731188409.4613652,0.41,-1.02,-0.62,-16.85,-1.83,2.08
1731188508.4613652,0.55,-0.63,-0.58,-44.62,1.59,33.26
1731188608.4613652,0.47,-0.59,-0.66,10.93,-6.96,-17.7
1731188707.4613652,0.41,-1.07,-0.54,11.6,-8.73,-28.08
1731188806.4613652,0.45,-0.76,-0.39,-35.03,18.31,44.49
1731188906.4613652,0.48,-0.63,-0.57,24.35,11.96,14.34
1731189005.4613652,0.45,-0.94,-0.54,9.22,-5.37,-27.28
1731189104.4613652,0.48,-0.75,-0.45,-12.51,17.88,39.43
1731189203.4613652,0.5,-0.65,-0.71,3.91,9.64,12.08
1731189303.4613652,0.45,-1.02,-0.53,14.16,-6.04,-39.55
1731189402.4613652,0.48,-0.81,-0.4,-10.99,15.08,42.18
1731189501.4613652,0.43,-0.68,-0.69,52.25,7.87,-0.92
1731189601.4613652,0.42,-0.67,-0.54,35.64,-3.36,-57.74
1731189701.4613652,0.44,-0.8,-0.51,-0.18,5.55,43.88
1731189801.4613652,0.37,-0.65,-0.7,73.67,-2.62,-2.01
1731189900.4613652,0.3,-0.69,-0.57,66.35,6.96,-58.04
1731189999.4613652,0.45,-0.62,-0.61,-63.6,3.17,38.82
1731190099.4613652,0.48,-0.53,-0.67,20.81,-2.93,17.52
1731190199.4613652,0.39,-0.55,-0.69,-12.7,7.2,-22.46
1731190299.4613652,0.39,-0.94,-0.75,-46.63,11.05,8.79
1731190398.4613652,0.48,-0.61,-0.59,-44.13,9.7,45.47
1731190498.4613652,0.4,-0.58,-0.62,52.98,0.37,-11.84
1731190597.4613652,0.37,-1.01,-0.68,-24.29,-7.93,-11.05
1731190697.4613652,0.47,-0.71,-0.49,-27.1,0.98,38.33
1731190796.4613652,0.43,-0.64,-0.57,30.76,-1.1,5.49
1731190896.4613652,0.43,-1.03,-0.5,11.78,-13.67,-32.53
1731190996.4613652,0.46,-0.81,-0.34,0.85,2.75,32.96
1731191095.4613652,0.42,-0.69,-0.64,52.86,7.14,10.93
1731191195.4613652,0.38,-0.77,-0.53,33.02,-8.06,-42.18
1731191295.4613652,0.5,-0.83,-0.39,-11.96,11.23,39.06
1731191394.4613652,0.41,-0.65,-0.58,75.26,4.39,-2.99
1731191493.4613652,0.34,-0.46,-0.43,51.03,9.22,-42.18
1731191593.4613652,0.45,-0.95,-0.68,-33.39,1.95,32.17
1731191692.4613652,0.51,-0.37,-0.62,18.01,1.34,16.42
1731191792.4613652,0.38,-0.47,-0.66,19.04,-1.16,-25.57
1731191891.4613652,0.46,-0.97,-0.81,-55.48,2.69,15.32
1731191991.4613652,0.53,-0.47,-0.61,-18.31,6.84,36.56
1731192091.4613652,0.45,-0.45,-0.68,-15.81,-3.05,-15.63
1731192190.4613652,0.48,-0.96,-0.66,-37.66,-0.49,-2.62
1731192290.4613652,0.56,-0.39,-0.5,-7.45,2.56,32.71
1731192390.4613652,0.53,-0.35,-0.57,-10.38,5.13,-30.27
1731192490.4613652,0.53,-0.96,-0.64,-39.49,-7.69,5.19
1731192589.4613652,0.53,-0.45,-0.52,-17.03,8.48,28.63
1731192688.4613652,0.54,-0.39,-0.61,-0.79,5.31,-26.0
1731192787.4613652,0.51,-1.02,-0.66,-32.23,-1.89,0.06
1731192886.4613652,0.52,-0.57,-0.55,-33.2,15.63,39.43
1731192986.4613652,0.52,-0.5,-0.69,-7.02,9.46,-4.09
1731193086.4613652,0.49,-0.98,-0.61,-7.14,-4.21,-28.87
1731193186.4613652,0.51,-0.74,-0.47,-20.32,13.55,45.96
1731193286.4613652,0.51,-0.58,-0.62,34.0,7.69,5.43
1731193386.4613652,0.48,-0.67,-0.5,21.3,-4.27,-50.23
1731193486.4613652,0.49,-0.86,-0.5,5.0,7.26,30.94
1731193585.4613652,0.52,-0.47,-0.52,44.01,3.54,-7.87
1731193684.4613652,0.44,-0.44,-0.51,-19.65,8.48,-34.3
1731193784.4613652,0.45,-0.98,-0.72,-21.97,4.52,-8.36
1731193884.4613652,0.48,-0.5,-0.51,4.09,8.97,32.96
1731193983.4613652,0.42,-0.56,-0.84,39.25,1.34,-9.28
1731194083.4613652,0.4,-0.92,-0.68,4.46,7.14,-29.36
1731194183.4613652,0.48,-0.61,-0.65,-30.88,3.72,53.89
1731194282.4613652,0.38,-0.53,-0.7,41.08,-2.69,6.77
1731194382.4613652,0.35,-0.85,-0.74,9.28,0.06,-23.99
1731194481.4613652,0.53,-0.77,-0.61,-35.89,5.37,41.93
1731194580.4613652,0.56,-0.35,-0.47,-3.72,1.34,17.4
1731194679.4613652,0.45,-0.49,-0.65,8.12,0.43,-21.79
1731194779.4613652,0.51,-0.88,-0.71,-51.15,-4.94,19.17
1731194879.4613652,0.57,-0.52,-0.58,-33.57,-5.86,27.89
1731194979.4613652,0.53,-0.49,-0.58,21.12,-4.09,-11.78
1731195079.4613652,0.52,-1.01,-0.69,24.9,-13.43,-30.03
1731195179.4613652,0.54,-0.7,-0.52,-33.63,5.31,36.19
1731195278.4613652,0.53,-0.5,-0.6,8.73,11.78,0.06
1731195378.4613652,0.47,-0.64,-0.51,61.89,7.32,-58.23
1731195478.4613652,0.48,-0.89,-0.59,-42.72,-1.77,27.04
1731195578.4613652,0.53,-0.36,-0.49,4.21,22.16,18.86
1731195678.4613652,0.49,-0.55,-0.55,-11.17,1.71,-34.18
1731195777.4613652,0.5,-0.83,-0.47,-51.33,0.55,10.56
1731195877.4613652,0.52,-0.56,-0.5,8.79,16.66,19.17
1731195976.4613652,0.52,-0.36,-0.53,-6.16,-3.05,-24.17
1731196076.4613652,0.48,-0.96,-0.69,-12.39,-1.22,-12.82
1731196175.4613652,0.51,-0.61,-0.56,3.6,4.27,29.24
1731196275.4613652,0.45,-0.45,-0.78,39.73,3.72,-18.62
1731196375.4613652,0.39,-0.99,-0.77,15.81,-6.04,-29.05
1731196474.4613652,0.46,-0.78,-0.73,-60.79,1.16,63.35
1731196574.4613652,0.46,-0.41,-0.51,49.38,-1.77,-19.96
1731196673.4613652,0.45,-0.86,-0.66,-3.42,11.78,17.76
1731196772.4613652,0.57,-0.66,-0.69,-53.65,3.54,50.29
1731196872.4613652,0.5,-0.48,-0.56,35.64,-4.76,-12.21
1731196972.4613652,0.48,-0.89,-0.68,20.57,-1.46,-33.14
1731197072.4613652,0.52,-0.82,-0.56,-15.63,-4.94,34.42
1731197171.4613652,0.48,-0.48,-0.58,20.63,8.0,19.71
1731197271.4613652,0.5,-0.53,-0.49,10.93,-0.49,-45.29
1731197370.4613652,0.52,-0.83,-0.45,-24.66,-2.69,25.39
1731197470.4613652,0.51,-0.53,-0.6,36.8,17.7,8.91
1731197570.4613652,0.49,-0.49,-0.46,11.05,13.85,-54.32
1731197670.4613652,0.52,-0.81,-0.59,-15.93,1.16,11.23
1731197769.4613652,0.46,-0.48,-0.6,62.68,1.71,-11.05
1731197869.4613652,0.3,-0.53,-0.66,26.18,15.26,-63.66
1731197969.4613652,0.43,-0.73,-0.74,-56.58,4.52,34.0
1731198068.4613652,0.49,-0.38,-0.58,-10.5,-5.92,28.08
1731198168.4613652,0.36,-0.51,-0.56,-0.24,-1.53,-30.64
1731198268.4613652,0.48,-0.84,-0.62,-83.68,3.91,30.15
1731198368.4613652,0.58,-0.56,-0.54,-5.19,-7.93,23.74
1731198467.4613652,0.49,-0.42,-0.54,-12.82,5.43,-33.81
1731198567.4613652,0.47,-0.96,-0.6,-60.85,2.08,9.4
1731198667.4613652,0.54,-0.58,-0.47,0.55,6.16,26.43
1731198766.4613652,0.49,-0.52,-0.6,-8.67,6.16,-18.74
1731198866.4613652,0.46,-0.99,-0.57,-47.67,-1.59,0.37
1731198966.4613652,0.53,-0.64,-0.51,-32.59,12.7,42.91
1731199066.4613652,0.48,-0.66,-0.7,15.01,7.32,-4.15
1731199166.4613652,0.51,-0.88,-0.51,-59.33,-5.92,-3.11
1731199266.4613652,0.57,-0.62,-0.43,-17.21,10.99,42.79
1731199366.4613652,0.55,-0.47,-0.58,43.88,2.08,-22.52
1731199465.4613652,0.51,-1.08,-0.8,46.2,-6.23,-15.08
1731199565.4613652,0.51,-0.45,-0.5,4.94,-12.08,10.31
1731199665.4613652,0.42,-0.68,-0.53,39.86,11.29,-40.22
1731199765.4613652,0.5,-0.94,-0.56,-25.88,-5.0,22.46
1731199865.4613652,0.53,-0.41,-0.48,-12.02,0.55,20.94
1731199965.4613652,0.45,-0.61,-0.43,0.85,5.31,-31.62
1731200065.4613652,0.51,-0.93,-0.44,-32.04,-2.5,17.88
1731200164.4613652,0.54,-0.47,-0.44,-3.17,10.19,27.28
1731200263.4613652,0.52,-0.54,-0.46,-24.35,0.49,-26.86
1731200362.4613652,0.52,-0.94,-0.35,-6.41,-5.86,15.2
1731200462.4613652,0.54,-0.56,-0.42,5.49,18.07,22.83
1731200562.4613652,0.48,-0.73,-0.38,20.14,-7.45,-67.75
1731200662.4613652,0.47,-0.8,-0.27,-25.02,7.08,21.0
1731200762.4613652,0.45,-0.7,-0.57,59.69,8.91,14.16
1731200862.4613652,0.42,-0.72,-0.48,33.39,-4.94,-56.34
1731200961.4613652,0.46,-0.91,-0.37,-10.25,6.1,38.51
1731201061.4613652,0.43,-0.63,-0.62,67.38,-1.65,20.32
1731201161.4613652,0.41,-0.62,-0.54,37.17,-3.91,-45.29
1731201261.4613652,0.48,-0.86,-0.57,-20.75,2.01,47.85
1731201361.4613652,0.52,-0.48,-0.59,17.7,-0.79,17.4
1731201461.4613652,0.47,-0.71,-0.54,33.94,0.85,-35.89
1731201561.4613652,0.56,-0.75,-0.5,-41.14,-1.1,39.18
1731201661.4613652,0.51,-0.47,-0.59,20.08,13.55,14.83
1731201761.4613652,0.47,-0.74,-0.52,32.53,5.43,-40.28
1731201861.4613652,0.59,-0.75,-0.6,-35.22,16.11,29.54
1731201961.4613652,0.57,-0.46,-0.49,-21.48,21.06,22.95
1731202060.4613652,0.44,-0.51,-0.6,-11.84,14.77,-43.27
1731202160.4613652,0.47,-0.81,-0.7,-49.74,-15.32,5.62
1731202259.4613652,0.44,-0.64,-0.51,36.38,-5.92,21.67
1731202358.4613652,0.41,-0.46,-0.7,38.27,1.77,-46.63
1731202458.4613652,0.53,-0.79,-0.68,-48.52,-7.26,16.05
1731202557.4613652,0.46,-0.59,-0.44,6.47,-4.39,11.6
1731202656.4613652,0.47,-0.52,-0.5,58.53,4.09,-58.35
1731202755.4613652,0.47,-0.77,-0.58,-57.13,3.36,24.11
1731202855.4613652,0.45,-0.49,-0.47,6.71,5.62,15.08
1731202955.4613652,0.36,-0.59,-0.59,18.49,6.96,-32.53
1731203055.4613652,0.5,-0.91,-0.77,-49.32,10.62,27.89
1731203154.4613652,0.51,-0.47,-0.52,9.16,-3.11,16.72
1731203253.4613652,0.35,-0.49,-0.72,19.47,0.31,-42.66
1731203352.4613652,0.47,-0.79,-0.61,-34.0,3.17,15.44
1731203451.4613652,0.52,-0.54,-0.51,15.69,-8.24,18.19
1731203551.4613652,0.34,-0.54,-0.62,3.42,5.07,-37.48
1731203651.4613652,0.54,-0.7,-0.56,-25.45,7.26,9.16
1731203750.4613652,0.43,-0.54,-0.59,5.68,9.58,20.2
1731203849.4613652,0.33,-0.8,-0.69,4.03,9.09,-26.67
1731203949.4613652,0.46,-0.74,-0.56,-22.52,3.54,24.54
1731204049.4613652,0.48,-0.5,-0.54,21.97,0.61,6.84
1731204148.4613652,0.38,-0.59,-0.57,15.87,3.85,-39.31
1731204248.4613652,0.42,-0.8,-0.51,-48.34,-0.06,25.82
1731204348.4613652,0.5,-0.48,-0.6,-9.77,6.65,24.48
1731204447.4613652,0.45,-0.55,-0.63,-18.07,0.73,-19.96
1731204546.4613652,0.45,-0.93,-0.49,-43.7,-10.56,3.78
1731204645.4613652,0.52,-0.55,-0.54,-27.59,13.67,37.54
1731204745.4613652,0.51,-0.51,-0.63,-32.35,2.75,-1.28
1731204845.4613652,0.45,-1.12,-0.66,15.14,-8.79,-15.44
1731204945.4613652,0.57,-0.59,-0.51,-5.74,12.94,24.78
1731205044.4613652,0.48,-0.59,-0.66,4.82,-1.16,-9.83
1731205144.4613652,0.39,-1.05,-0.68,28.2,-5.25,-35.58
1731205244.4613652,0.5,-0.67,-0.57,-24.66,17.7,48.4
1731205344.4613652,0.45,-0.63,-0.68,27.95,5.25,24.84
1731205443.4613652,0.44,-0.84,-0.68,3.91,-12.33,-25.39
1731205543.4613652,0.51,-0.74,-0.53,-15.32,1.34,44.56
1731205642.4613652,0.52,-0.6,-0.66,19.29,-6.23,-7.26
1731205741.4613652,0.47,-0.94,-0.58,22.34,-3.42,-16.97
1731205841.4613652,0.54,-0.65,-0.59,-18.37,9.4,30.21
1731205940.4613652,0.47,-0.54,-0.61,13.67,11.17,5.62
1731206039.4613652,0.5,-0.53,-0.56,27.04,8.18,-35.16
1731206138.4613652,0.49,-0.88,-0.57,-25.33,-6.47,21.79
1731206238.4613652,0.5,-0.49,-0.52,2.62,4.15,31.92
1731206338.4613652,0.49,-0.5,-0.56,18.92,-0.24,-34.48
1731206437.4613652,0.53,-0.88,-0.56,-33.75,-8.24,18.07
1731206536.4613652,0.48,-0.5,-0.49,-4.46,9.09,26.61
1731206636.4613652,0.55,-0.51,-0.54,35.95,-1.89,-39.37
1731206736.4613652,0.53,-0.84,-0.48,-28.81,-2.2,28.99
1731206835.4613652,0.51,-0.54,-0.61,11.11,11.41,25.33
1731206935.4613652,0.49,-0.51,-0.45,24.66,2.99,-41.2
1731207035.4613652,0.56,-0.86,-0.58,-21.18,11.78,10.99
1731207134.4613652,0.63,-0.28,-0.58,18.37,19.78,27.65
1731207234.4613652,0.41,-0.63,-0.65,34.18,6.04,-69.15
1731207333.4613652,0.43,-0.8,-0.86,-32.71,16.66,-4.33
1731207432.4613652,0.47,-0.51,-0.63,-16.05,-1.59,32.84
1731207532.4613652,0.39,-0.39,-0.7,23.74,1.95,-27.47
1731207632.4613652,0.32,-0.95,-0.86,24.66,11.96,-34.55
1731207732.4613652,0.45,-0.72,-0.66,-16.36,-9.4,67.57
1731207831.4613652,0.36,-0.44,-0.77,48.58,-3.23,19.47
1731207930.4613652,0.4,-0.86,-0.8,-10.13,3.66,-20.63
1731208029.4613652,0.5,-0.75,-0.62,-28.44,2.2,45.17
1731208128.4613652,0.45,-0.47,-0.64,19.71,-0.79,19.59
1731208228.4613652,0.44,-0.59,-0.57,-3.11,-3.78,-28.2
1731208328.4613652,0.55,-0.71,-0.49,-43.58,-0.92,22.22
1731208427.4613652,0.53,-0.47,-0.47,46.14,-8.85,7.63
1731208527.4613652,0.48,-0.45,-0.52,28.81,-1.95,-39.37
1731208627.4613652,0.52,-0.83,-0.51,-43.76,-9.4,35.58
1731208726.4613652,0.53,-0.52,-0.55,18.19,9.95,26.55
1731208826.4613652,0.55,-0.46,-0.54,24.54,6.9,-39.49
1731208926.4613652,0.56,-0.95,-0.69,-31.92,-2.14,11.05
1731209025.4613652,0.56,-0.3,-0.47,-26.79,12.15,25.15
1731209125.4613652,0.48,-0.49,-0.64,-3.05,4.09,-32.1
1731209224.4613652,0.48,-0.96,-0.7,-44.62,7.51,12.51
1731209324.4613652,0.58,-0.44,-0.52,-25.63,11.78,41.75
1731209424.4613652,0.54,-0.45,-0.66,18.37,-1.95,-31.92
1731209523.4613652,0.52,-0.88,-0.56,-31.98,-16.36,6.71
1731209623.4613652,0.6,-0.45,-0.49,10.62,3.17,11.84
1731209722.4613652,0.58,-0.32,-0.51,0.61,-1.46,-32.65
1731209822.4613652,0.51,-1.0,-0.57,-14.1,-5.31,-3.66
1731209922.4613652,0.6,-0.38,-0.52,-2.2,18.43,25.33
1731210022.4613652,0.5,-0.4,-0.61,-0.43,6.29,-24.54
1731210122.4613652,0.48,-0.93,-0.81,-6.96,-0.37,-16.91
1731210222.4613652,0.57,-0.39,-0.58,-20.26,8.79,30.03
1731210321.4613652,0.48,-0.51,-0.87,13.73,9.4,-3.3
1731210420.4613652,0.4,-0.8,-0.71,17.82,10.01,-35.03
1731210520.4613652,0.44,-0.74,-0.67,-41.08,0.67,56.7
1731210620.4613652,0.52,-0.36,-0.56,22.09,2.75,11.9
1731210719.4613652,0.45,-0.51,-0.62,-2.99,-4.94,-24.6
1731210819.4613652,0.56,-0.83,-0.59,-60.55,-7.75,27.59
1731210918.4613652,0.59,-0.42,-0.48,-18.98,-2.38,23.56
1731211018.4613652,0.53,-0.36,-0.52,16.85,-7.93,-32.65
1731211117.4613652,0.57,-0.92,-0.61,7.45,-2.69,-4.94
1731211217.4613652,0.58,-0.5,-0.54,-22.71,12.33,30.52
1731211317.4613652,0.54,-0.43,-0.77,14.1,8.36,-1.65
1731211417.4613652,0.49,-0.86,-0.8,29.36,-3.23,-34.12
1731211516.4613652,0.56,-0.71,-0.62,-28.75,6.84,46.94
1731211615.4613652,0.55,-0.47,-0.67,4.76,6.35,12.15
1731211715.4613652,0.54,-0.63,-0.68,42.72,-4.52,-35.71
1731211815.4613652,0.54,-0.74,-0.54,-13.73,-8.0,42.85
1731211915.4613652,0.6,-0.39,-0.66,29.17,17.94,-1.1
1731212014.4613652,0.54,-0.57,-0.53,33.45,6.77,-40.71
1731212113.4613652,0.54,-0.71,-0.75,-8.54,15.26,23.74
1731212213.4613652,0.56,-0.4,-0.68,-14.16,5.68,9.09
1731212312.4613652,0.46,-0.26,-0.66,3.54,10.74,-37.41
1731212412.4613652,0.42,-0.85,-0.89,12.63,10.62,-28.08
1731212512.4613652,0.44,-0.75,-0.7,-23.19,-8.06,45.53
1731212611.4613652,0.43,-0.43,-0.78,32.96,0.73,14.65
1731212711.4613652,0.43,-0.74,-0.7,38.64,2.14,-28.38
1731212810.4613652,0.51,-0.64,-0.68,-31.31,-7.26,44.19
1731212910.4613652,0.54,-0.35,-0.58,-9.4,-0.73,23.62
1731213010.4613652,0.5,-0.67,-0.66,4.88,-2.56,-18.8
1731213109.4613652,0.55,-0.66,-0.6,-20.81,3.36,20.63
1731213209.4613652,0.59,-0.49,-0.62,-41.02,1.04,27.22
1731213308.4613652,0.55,-0.5,-0.59,22.58,2.2,-0.12
1731213407.4613652,0.54,-0.78,-0.69,26.61,-11.05,-37.66
1731213506.4613652,0.54,-0.73,-0.57,-27.22,-13.12,31.68
1731213606.4613652,0.64,-0.44,-0.55,29.66,2.44,-30.64
1731213706.4613652,0.52,-0.96,-0.58,33.02,0.0,-11.17
1731213805.4613652,0.57,-0.61,-0.55,-19.35,4.7,23.5
1731213905.4613652,0.51,-0.5,-0.69,17.88,14.83,-10.99
1731214004.4613652,0.44,-0.63,-0.66,34.91,11.35,-37.54
1731214104.4613652,0.49,-0.81,-0.59,-25.76,-5.25,42.18
1731214203.4613652,0.5,-0.48,-0.62,31.74,11.29,8.18
1731214303.4613652,0.47,-0.43,-0.5,31.74,7.57,-42.24
1731214403.4613652,0.5,-0.87,-0.54,-47.73,-5.13,28.69
1731214503.4613652,0.56,-0.45,-0.59,13.0,10.19,18.98
1731214602.4613652,0.5,-0.39,-0.64,2.81,2.38,-21.24
1731214702.4613652,0.52,-0.88,-0.68,-44.74,-2.62,1.65
1731214801.4613652,0.55,-0.5,-0.59,-23.68,14.95,37.23
1731214901.4613652,0.56,-0.41,-0.71,-21.91,4.21,-11.35
1731215001.4613652,0.47,-0.89,-0.76,-16.97,5.49,-34.3
1731215100.4613652,0.54,-0.56,-0.57,-5.19,8.54,35.46
1731215200.4613652,0.44,-0.53,-0.84,4.46,9.4,-21.36
1731215300.4613652,0.32,-0.9,-0.72,-11.72,5.25,-39.43
1731215400.4613652,0.49,-0.64,-0.62,-10.07,-0.43,44.56
1731215499.4613652,0.39,-0.5,-0.71,41.81,1.83,3.23
1731215598.4613652,0.35,-0.97,-0.78,-32.71,-6.16,-14.1
1731215698.4613652,0.51,-0.75,-0.61,-6.1,-1.34,46.39
1731215797.4613652,0.42,-0.58,-0.71,27.71,-9.58,7.75
1731215897.4613652,0.4,-0.97,-0.64,-6.71,14.95,3.11
1731215997.4613652,0.52,-0.79,-0.53,-35.34,0.31,48.28
1731216097.4613652,0.54,-0.53,-0.46,23.01,4.76,10.5
1731216196.4613652,0.53,-0.67,-0.55,23.5,-5.0,-52.25
1731216295.4613652,0.42,-0.86,-0.47,-14.53,-10.62,15.81
1731216394.4613652,0.52,-0.44,-0.45,14.04,9.28,2.56
1731216494.4613652,0.41,-0.89,-0.64,41.87,-11.11,-39.79
1731216594.4613652,0.46,-0.86,-0.42,-34.48,16.6,47.97
1731216694.4613652,0.52,-0.58,-0.52,9.52,16.97,16.78
1731216794.4613652,0.37,-0.92,-0.61,26.25,0.06,-44.01
1731216894.4613652,0.54,-0.76,-0.42,-45.53,24.23,37.9
1731216994.4613652,0.43,-0.68,-0.61,35.89,8.06,8.24
1731217093.4613652,0.39,-0.94,-0.61,44.25,-9.95,-45.96
1731217192.4613652,0.49,-0.74,-0.37,-49.5,17.64,50.9
1731217292.4613652,0.46,-0.65,-0.71,10.93,7.63,9.09
1731217391.4613652,0.41,-0.99,-0.63,38.39,-19.78,-35.71
1731217490.4613652,0.52,-0.65,-0.4,-32.59,20.87,42.3
1731217589.4613652,0.45,-0.61,-0.63,6.59,-2.2,-34.36
1731217688.4613652,0.4,-1.07,-0.67,-15.63,-2.75,-17.58
1731217787.4613652,0.49,-0.54,-0.43,-47.42,26.12,45.53
1731217886.4613652,0.45,-0.6,-0.55,21.85,-1.59,-43.09
1731217985.4613652,0.41,-1.13,-0.57,-26.49,8.67,4.58
1731218084.4613652,0.45,-0.5,-0.45,5.74,15.26,17.64
1731218184.4613652,0.34,-0.61,-0.56,40.28,-4.09,-59.51
1731218284.4613652,0.38,-0.95,-0.43,-41.81,7.32,30.27
1731218384.4613652,0.34,-0.65,-0.64,41.32,5.19,16.36
1731218483.4613652,0.31,-1.01,-0.75,38.7,-11.96,-41.63
1731218583.4613652,0.41,-0.58,-0.43,-27.1,19.84,42.72
1731218683.4613652,0.39,-0.54,-0.62,7.81,-3.17,-37.66
1731218782.4613652,0.27,-1.03,-0.5,-42.79,0.55,16.05
1731218882.4613652,0.32,-0.73,-0.66,5.62,16.48,34.48
1731218981.4613652,0.27,-0.9,-0.64,28.02,-5.25,-59.51
1731219081.4613652,0.3,-0.9,-0.27,-66.53,18.68,38.82
1731219181.4613652,0.31,-0.73,-0.72,24.6,7.51,0.98
1731219281.4613652,0.23,-1.14,-0.56,13.55,-2.2,-20.63
1731219380.4613652,0.38,-0.7,-0.35,-48.77,18.74,54.87
1731219479.4613652,0.27,-0.73,-0.68,34.67,-6.41,-26.25
1731219578.4613652,0.28,-1.16,-0.46,-55.91,-7.69,8.48
1731219678.4613652,0.43,-0.59,-0.37,-3.3,26.0,25.45
1731219778.4613652,0.29,-0.8,-0.55,37.29,-12.39,-36.25
1731219877.4613652,0.24,-0.98,-0.33,-17.03,7.57,36.38
1731219977.4613652,0.37,-0.67,-0.62,51.64,-5.25,25.21
1731220077.4613652,0.24,-1.24,-0.55,77.09,-31.43,-33.2
1731220177.4613652,0.51,-0.51,-0.46,-16.97,15.32,39.86
1731220277.4613652,0.38,-0.61,-0.51,9.64,-12.94,-31.62
1731220377.4613652,0.38,-0.97,-0.41,-40.89,14.16,25.27
1731220477.4613652,0.42,-0.55,-0.67,-0.61,15.69,12.51
1731220577.4613652,0.32,-0.99,-0.68,54.69,-22.58,-46.45
1731220676.4613652,0.45,-0.57,-0.46,-33.57,25.76,39.06
1731220776.4613652,0.37,-0.51,-0.61,-5.86,-9.46,-29.24
1731220875.4613652,0.28,-1.08,-0.41,-22.28,1.95,5.55
1731220975.4613652,0.4,-0.62,-0.72,1.16,8.24,28.69
1731221075.4613652,0.26,-1.07,-0.69,62.26,-19.04,-49.68
1731221175.4613652,0.43,-0.57,-0.5,-27.4,27.89,36.5
1731221275.4613652,0.33,-0.5,-0.65,14.28,-4.46,-39.06
1731221374.4613652,0.16,-1.09,-0.41,-21.55,-1.53,4.7
1731221474.4613652,0.35,-0.8,-0.7,25.27,17.46,33.08
1731221574.4613652,0.21,-0.64,-0.53,44.74,3.23,-44.8
1731221674.4613652,0.33,-0.95,-0.58,-39.49,7.32,31.31
1731221773.4613652,0.25,-0.65,-0.64,39.55,8.48,27.4
1731221872.4613652,0.2,-0.91,-0.74,20.81,6.96,-45.41
1731221971.4613652,0.4,-0.85,-0.53,-56.27,5.55,29.05
1731222071.4613652,0.25,-0.62,-0.65,38.39,-10.99,12.63
1731222170.4613652,0.17,-1.0,-0.74,6.65,-8.91,-39.79
1731222270.4613652,0.36,-0.77,-0.49,-51.82,3.54,39.25
1731222369.4613652,0.3,-0.64,-0.54,41.44,-6.53,5.19
1731222468.4613652,0.15,-0.95,-0.63,44.8,-5.0,-51.03
1731222567.4613652,0.3,-0.85,-0.48,-27.89,-4.94,35.58
1731222666.4613652,0.28,-0.72,-0.58,55.11,-11.23,-4.52
1731222766.4613652,0.22,-0.91,-0.71,38.39,-12.63,-37.72
1731222866.4613652,0.29,-0.78,-0.54,-1.28,-7.45,51.76
1731222965.4613652,0.29,-0.7,-0.77,-4.21,-3.23,22.03
1731223065.4613652,0.31,-1.08,-0.77,4.94,3.05,-23.32
1731223165.4613652,0.46,-0.6,-0.52,-30.33,13.18,38.27
1731223265.4613652,0.26,-0.77,-0.83,25.33,6.96,-21.61
1731223364.4613652,0.21,-1.03,-0.74,-48.34,18.55,-15.99
1731223464.4613652,0.44,-0.54,-0.55,2.26,6.77,31.74
1731223563.4613652,0.23,-0.77,-0.68,26.49,10.62,-33.51
1731223663.4613652,0.26,-0.82,-0.7,-67.93,8.67,3.05
1731223763.4613652,0.35,-0.56,-0.55,31.25,-12.76,21.85
1731223863.4613652,0.07,-0.91,-0.71,25.27,-2.32,-50.17
1731223963.4613652,0.27,-0.84,-0.49,-18.74,9.22,36.38
1731224063.4613652,0.25,-0.68,-0.53,22.4,-4.58,21.67
1731224162.4613652,0.24,-0.88,-0.56,25.45,-1.16,-30.27
1731224262.4613652,0.31,-0.98,-0.41,-25.02,-0.79,45.17
1731224362.4613652,0.3,-0.71,-0.6,59.81,-1.4,2.32
1731224462.4613652,0.24,-1.03,-0.69,8.54,-5.13,-45.04
1731224561.4613652,0.34,-0.74,-0.48,-18.07,12.76,55.42
1731224660.4613652,0.24,-0.75,-0.66,52.55,3.85,-12.15
1731224760.4613652,0.16,-0.94,-0.63,9.22,13.24,-37.54
1731224859.4613652,0.29,-0.72,-0.64,-7.51,2.99,43.09
1731224959.4613652,0.24,-0.68,-0.69,57.8,-10.56,-0.79
1731225059.4613652,0.15,-0.99,-0.72,-7.26,-2.69,-8.67
1731225158.4613652,0.35,-0.81,-0.57,-9.77,-0.24,36.56
1731225257.4613652,0.34,-0.79,-0.58,11.29,-6.53,0.37
1731225357.4613652,0.2,-0.76,-0.58,-0.31,1.89,-52.49
1731225457.4613652,0.25,-0.82,-0.42,-53.16,6.9,36.38
1731225557.4613652,0.32,-0.67,-0.47,29.05,-1.89,13.43
1731225657.4613652,0.29,-0.95,-0.42,38.09,-17.58,-46.02
1731225756.4613652,0.33,-0.82,-0.37,-30.33,-0.73,55.85
1731225856.4613652,0.36,-0.68,-0.64,18.13,3.23,-7.08
1731225955.4613652,0.32,-1.23,-0.63,1.04,-9.58,-20.57
1731226054.4613652,0.44,-0.67,-0.49,-5.19,15.32,32.29
1731226153.4613652,0.33,-0.56,-0.57,-14.04,-0.92,-26.43
1731226253.4613652,0.34,-1.06,-0.54,-37.9,1.83,-5.68
1731226353.4613652,0.44,-0.62,-0.47,-4.76,8.54,28.32
1731226452.4613652,0.29,-0.6,-0.6,11.54,-3.6,-28.75
1731226552.4613652,0.29,-1.1,-0.66,-11.6,0.06,-20.51
1731226651.4613652,0.38,-0.65,-0.53,-18.68,11.78,40.53
1731226750.4613652,0.32,-0.55,-0.67,-4.09,1.46,-13.49
1731226850.4613652,0.25,-1.12,-0.67,-16.36,2.01,-24.9
1731226950.4613652,0.37,-0.65,-0.55,-3.97,10.13,37.84
1731227049.4613652,0.3,-0.64,-0.75,22.71,3.72,2.32
1731227149.4613652,0.2,-1.1,-0.72,21.97,7.75,-22.16
1731227248.4613652,0.37,-0.73,-0.6,-2.44,7.08,37.72
1731227348.4613652,0.21,-0.61,-0.74,17.7,14.1,0.43
1731227448.4613652,0.12,-0.98,-0.89,-22.83,9.7,-10.74
1731227547.4613652,0.39,-0.66,-0.59,-13.85,1.28,51.03
1731227646.4613652,0.24,-0.67,-0.73,47.73,-8.3,-8.36
1731227745.4613652,0.17,-1.0,-0.86,-11.72,-5.92,-17.09
1731227844.4613652,0.31,-0.86,-0.76,-30.15,-0.98,59.08
1731227944.4613652,0.32,-0.55,-0.5,10.38,-5.62,24.05
1731228043.4613652,0.35,-0.91,-0.7,12.45,8.18,-18.31
1731228143.4613652,0.43,-0.83,-0.49,-57.56,-6.29,38.09
1731228243.4613652,0.39,-0.51,-0.49,7.45,-5.92,2.62
1731228343.4613652,0.29,-1.11,-0.67,-12.21,-4.09,-8.3
1731228443.4613652,0.42,-0.81,-0.43,-34.55,18.07,54.32
1731228543.4613652,0.42,-0.63,-0.51,36.99,16.91,14.65
1731228642.4613652,0.32,-1.08,-0.57,26.49,-1.53,-22.58
1731228741.4613652,0.49,-0.77,-0.44,-20.81,16.85,39.31
1731228841.4613652,0.45,-0.64,-0.57,46.69,2.32,12.57
1731228940.4613652,0.35,-0.98,-0.63,75.13,-13.12,-51.03
1731229040.4613652,0.39,-0.83,-0.34,-46.63,1.4,43.27
1731229140.4613652,0.44,-0.63,-0.47,36.19,6.71,16.24
1731229240.4613652,0.41,-0.71,-0.52,52.0,-10.99,-53.96
1731229339.4613652,0.37,-0.91,-0.32,-17.52,0.67,32.71
1731229439.4613652,0.39,-0.77,-0.65,33.57,11.11,40.16
1731229539.4613652,0.42,-0.63,-0.4,-7.45,9.77,-22.58
1731229639.4613652,0.5,-0.9,-0.51,-32.35,-1.77,11.17
1731229739.4613652,0.47,-0.63,-0.5,0.12,5.68,23.8
1731229838.4613652,0.41,-0.57,-0.55,1.59,1.59,-31.98
1731229937.4613652,0.47,-0.92,-0.53,-41.32,1.04,9.46
1731230037.4613652,0.53,-0.57,-0.49,-26.12,3.85,27.22
1731230136.4613652,0.45,-0.55,-0.62,16.11,1.04,-10.13
1731230236.4613652,0.38,-1.01,-0.73,44.74,-9.89,-29.24
1731230336.4613652,0.53,-0.74,-0.53,-28.87,6.77,44.92
1731230436.4613652,0.45,-0.59,-0.65,7.51,2.08,-10.19
1731230535.4613652,0.43,-1.16,-0.76,28.63,-16.48,-49.32
1731230634.4613652,0.5,-0.43,-0.46,-14.04,19.41,28.08
1731230733.4613652,0.42,-0.53,-0.56,-4.7,4.58,-32.41
1731230832.4613652,0.37,-1.1,-0.55,-17.88,2.14,-9.03
1731230931.4613652,0.49,-0.4,-0.47,-24.96,21.48,26.49
1731231031.4613652,0.34,-0.53,-0.56,14.04,8.91,-43.27
1731231131.4613652,0.34,-1.04,-0.85,-26.18,17.21,-15.26
1731231231.4613652,0.38,-0.6,-0.58,13.12,-0.37,35.58
1731231331.4613652,0.29,-0.59,-0.79,22.52,5.19,-29.91
1731231430.4613652,0.25,-0.99,-0.76,-34.61,10.07,-15.69
1731231530.4613652,0.36,-0.68,-0.67,-28.93,2.2,55.24
1731231629.4613652,0.31,-0.63,-0.68,9.03,-5.62,7.08
1731231729.4613652,0.34,-1.01,-0.68,-8.91,-14.59,-24.9
1731231829.4613652,0.4,-0.68,-0.46,-19.29,-5.43,47.42
1731231928.4613652,0.37,-0.62,-0.64,22.95,-5.31,0.55
1731232028.4613652,0.33,-1.12,-0.65,9.77,-9.77,-32.23
1731232128.4613652,0.43,-0.75,-0.47,-27.28,16.66,43.15
1731232228.4613652,0.4,-0.69,-0.66,8.18,5.49,23.25
1731232327.4613652,0.34,-0.96,-0.63,26.43,1.89,-36.32
1731232427.4613652,0.37,-0.79,-0.45,-26.0,13.18,44.37
1731232526.4613652,0.42,-0.73,-0.52,49.99,9.77,21.55
1731232625.4613652,0.37,-0.7,-0.47,44.25,-4.64,-52.12
1731232724.4613652,0.32,-0.96,-0.41,-23.99,4.09,41.02
1731232823.4613652,0.42,-0.69,-0.61,39.61,5.74,18.37
1731232923.4613652,0.3,-0.64,-0.5,43.46,-2.44,-48.1
1731233023.4613652,0.34,-0.95,-0.45,-39.06,6.65,46.94
1731233123.4613652,0.4,-0.65,-0.65,11.84,13.79,18.19
1731233223.4613652,0.3,-0.79,-0.59,46.57,3.11,-52.25
1731233322.4613652,0.4,-0.77,-0.42,-47.18,17.58,47.97
1731233422.4613652,0.38,-0.68,-0.75,18.01,15.93,10.07
1731233522.4613652,0.26,-0.87,-0.64,58.96,13.61,-44.92
1731233622.4613652,0.45,-0.68,-0.47,-20.14,21.42,47.61
1731233722.4613652,0.29,-0.72,-0.8,40.59,-0.37,7.51
1731233822.4613652,0.21,-0.95,-0.77,63.17,5.07,-38.09
1731233922.4613652,0.39,-0.69,-0.63,-8.36,7.39,39.67
1731234021.4613652,0.24,-0.6,-0.81,15.75,3.6,7.69
1731234121.4613652,0.23,-0.63,-0.72,42.24,9.89,-36.93
1731234221.4613652,0.32,-0.89,-0.68,-43.52,-2.69,43.76
1731234320.4613652,0.26,-0.58,-0.74,14.16,7.26,24.84
1731234420.4613652,0.25,-0.52,-0.58,22.83,4.94,-42.05
1731234520.4613652,0.32,-0.8,-0.52,-56.27,1.71,48.83
1731234619.4613652,0.38,-0.66,-0.73,42.91,6.96,34.91
1731234718.4613652,0.29,-0.69,-0.57,29.17,0.0,-51.15
1731234818.4613652,0.32,-0.74,-0.39,-61.71,6.47,38.76
1731234917.4613652,0.37,-0.7,-0.74,37.84,8.54,19.71
1731235017.4613652,0.34,-0.79,-0.6,48.58,-7.81,-43.82
1731235116.4613652,0.39,-0.7,-0.34,-51.27,9.09,38.51
1731235215.4613652,0.25,-0.74,-0.82,52.37,6.84,19.29
1731235314.4613652,0.29,-0.75,-0.64,33.87,7.32,-32.41
1731235413.4613652,0.47,-0.61,-0.49,-64.21,10.86,44.56
1731235512.4613652,0.3,-0.63,-0.75,66.16,-2.5,-10.13
1731235611.4613652,0.27,-1.02,-0.7,33.75,-7.57,-19.78
1731235710.4613652,0.45,-0.61,-0.56,-57.37,18.19,41.63
1731235810.4613652,0.4,-0.54,-0.82,7.32,1.1,-2.56
1731235910.4613652,0.34,-1.02,-0.77,28.63,-15.44,-29.48
1731236010.4613652,0.43,-0.57,-0.44,-66.77,13.61,41.32
1731236110.4613652,0.4,-0.58,-0.94,28.44,-14.47,-18.62
1731236210.4613652,0.3,-1.19,-0.71,27.65,-13.98,-21.36
1731236310.4613652,0.49,-0.5,-0.56,-17.88,26.61,29.24
1731236409.4613652,0.38,-0.53,-0.61,15.38,-4.33,-32.29
1731236508.4613652,0.32,-1.12,-0.74,5.62,2.87,-10.56
1731236607.4613652,0.43,-0.42,-0.53,-28.5,19.17,31.19
1731236706.4613652,0.32,-0.57,-0.65,16.72,-8.61,-43.46
1731236806.4613652,0.38,-1.04,-0.49,-40.89,-12.57,1.83
1731236906.4613652,0.49,-0.53,-0.46,-36.74,5.68,31.19
1731237006.4613652,0.4,-0.63,-0.71,19.47,-25.45,-44.19
1731237106.4613652,0.33,-1.08,-0.52,-21.85,-29.72,-0.98
1731237205.4613652,0.39,-0.58,-0.49,20.26,-3.66,15.99
1731237304.4613652,0.31,-0.66,-0.49,78.61,-21.36,-65.37
1731237404.4613652,0.31,-0.95,-0.51,-38.94,-0.31,25.27
1731237504.4613652,0.32,-0.62,-0.77,-1.1,-5.07,2.32
1731237604.4613652,0.31,-0.88,-0.69,56.64,-6.16,-52.06
1731237704.4613652,0.37,-0.75,-0.54,-23.5,7.93,45.59
1731237803.4613652,0.38,-0.5,-0.65,-9.34,-2.01,-23.25
1731237903.4613652,0.32,-1.02,-0.65,14.1,1.71,-32.65
1731238002.4613652,0.45,-0.55,-0.51,-7.08,4.52,23.32
1731238102.4613652,0.33,-0.54,-0.62,-14.71,-11.54,-33.87
1731238201.4613652,0.3,-0.93,-0.63,-2.99,-3.85,-21.42
1731238300.4613652,0.39,-0.66,-0.6,5.62,-6.84,5.31
1731238399.4613652,0.15,-0.62,-0.61,13.98,-9.22,-49.68
1731238498.4613652,0.25,-0.85,-0.6,-7.14,-3.11,-4.03
1731238597.4613652,0.33,-0.58,-0.57,28.44,-7.2,-16.3
1731238697.4613652,0.02,-0.81,-0.71,14.34,1.46,-40.89
1731238796.4613652,0.34,-0.82,-0.69,-10.31,5.13,21.18
1731238895.4613652,0.14,-0.54,-0.67,8.24,-7.63,-24.11
1731238994.4613652,0.11,-0.89,-0.69,-16.72,-9.52,-1.34
1731239094.4613652,0.27,-0.62,-0.64,6.1,-12.57,18.55
1731239194.4613652,0.19,-0.43,-0.66,0.67,-6.59,-3.3
1731239293.4613652,0.28,-1.19,-0.89,-47.61,-0.24,2.87
1731239392.4613652,0.3,-0.65,-0.69,-12.15,-8.18,26.67
1731239491.4613652,0.21,-0.45,-0.7,-31.37,2.14,-7.63
1731239590.4613652,0.31,-1.0,-0.7,-34.67,3.36,17.27
1731239689.4613652,0.34,-0.6,-0.61,-17.33,-4.09,42.54
1731239788.4613652,0.21,-0.56,-0.52,-9.83,-2.38,-23.13
1731239888.4613652,0.45,-0.84,-0.53,-23.62,10.86,18.43
1731239987.4613652,0.39,-0.54,-0.49,11.78,-7.87,14.22
1731240086.4613652,0.17,-0.69,-0.61,10.99,3.36,-29.05
1731240186.4613652,0.33,-0.9,-0.61,-14.16,24.17,23.07
1731240285.4613652,0.37,-0.65,-0.57,-2.93,9.77,38.09
1731240385.4613652,0.17,-0.65,-0.54,13.18,27.34,-27.16
1731240484.4613652,0.53,-0.9,-0.57,-41.14,17.15,43.64
1731240584.4613652,0.32,-0.56,-0.53,14.71,2.38,30.64
1731240683.4613652,0.29,-0.8,-0.61,50.05,18.86,-47.06
1731240783.4613652,0.47,-0.91,-0.48,-27.28,5.19,43.27
1731240882.4613652,0.34,-0.64,-0.59,21.12,-0.73,26.86
1731240981.4613652,0.26,-0.71,-0.55,41.63,11.9,-59.51
1731241080.4613652,0.39,-0.89,-0.53,-39.43,7.26,23.68
1731241180.4613652,0.44,-0.51,-0.52,-20.14,0.43,30.52
1731241280.4613652,0.26,-0.63,-0.58,17.64,9.46,-45.04
1731241379.4613652,0.37,-0.9,-0.6,-36.19,10.13,4.21
1731241479.4613652,0.41,-0.63,-0.52,-44.8,2.2,54.81
1731241579.4613652,0.34,-0.59,-0.65,0.61,5.98,-10.99
1731241679.4613652,0.32,-1.11,-0.6,-70.98,6.96,-5.13
1731241779.4613652,0.45,-0.82,-0.45,-92.83,20.63,59.94
1731241879.4613652,0.46,-0.41,-0.33,20.51,0.85,-26.18
1731241979.4613652,0.31,-1.32,-0.57,54.75,-5.86,-5.25
1731242078.4613652,0.44,-0.53,-0.36,-22.34,4.21,21.73
1731242178.4613652,0.33,-0.59,-0.43,29.48,-1.1,-54.5
1731242277.4613652,0.33,-1.04,-0.43,-56.34,-13.98,22.77
1731242376.4613652,0.42,-0.57,-0.4,40.04,0.31,32.78
1731242475.4613652,0.41,-0.62,-0.41,42.54,-3.54,-54.75
1731242574.4613652,0.47,-0.96,-0.52,-43.03,3.17,42.36
1731242673.4613652,0.39,-0.53,-0.53,8.54,0.06,0.61
1731242773.4613652,0.29,-1.13,-0.63,6.84,5.74,-29.79
1731242873.4613652,0.49,-0.78,-0.52,-33.39,9.46,38.33
1731242973.4613652,0.38,-0.57,-0.69,23.56,1.22,5.07
1731243072.4613652,0.18,-1.16,-0.58,30.64,2.32,-36.32
1731243171.4613652,0.4,-0.82,-0.46,-35.52,14.95,62.19
1731243270.4613652,0.28,-0.68,-0.74,47.3,4.52,23.25
1731243370.4613652,0.37,-1.05,-0.67,2.56,9.09,-13.73
1731243469.4613652,0.5,-0.58,-0.48,-28.56,3.23,41.38
1731243569.4613652,0.32,-0.62,-0.65,79.83,-5.68,-12.33
1731243669.4613652,0.3,-1.04,-0.72,-4.76,-0.49,8.91
1731243769.4613652,0.54,-0.58,-0.57,-19.47,-0.98,39.67
1731243868.4613652,0.39,-0.51,-0.71,23.86,-6.53,-5.13
1731243968.4613652,0.49,-1.05,-0.76,-16.36,-7.51,-1.4
1731244068.4613652,0.58,-0.49,-0.41,-31.19,-9.77,21.85
1731244167.4613652,0.35,-0.67,-0.52,6.1,5.68,-66.96
1731244267.4613652,0.46,-1.02,-0.28,-57.5,10.25,17.82
1731244367.4613652,0.4,-0.64,-0.51,20.75,11.17,16.48
1731244466.4613652,0.29,-1.19,-0.45,-7.51,5.19,-26.86
1731244566.4613652,0.52,-0.77,-0.34,-53.34,22.4,36.87
1731244665.4613652,0.33,-0.56,-0.57,8.79,-4.94,-30.64
1731244764.4613652,0.32,-1.17,-0.46,-1.71,-3.6,-12.33
1731244864.4613652,0.5,-0.58,-0.37,-13.18,9.52,34.36
1731244964.4613652,0.27,-0.56,-0.55,45.78,-7.32,-37.72
1731245064.4613652,0.41,-1.22,-0.51,-28.93,-7.2,21.36
1731245164.4613652,0.39,-0.69,-0.45,33.81,4.7,21.85
1731245264.4613652,0.34,-0.58,-0.44,42.6,-0.31,-48.4
1731245363.4613652,0.4,-1.01,-0.41,-37.17,-0.79,37.17
1731245463.4613652,0.35,-0.65,-0.55,31.86,3.17,24.41
1731245563.4613652,0.3,-0.74,-0.5,46.81,4.88,-48.16
1731245662.4613652,0.43,-0.91,-0.45,-28.5,-2.87,50.17
1731245762.4613652,0.36,-0.56,-0.64,15.75,5.37,13.73
1731245862.4613652,0.36,-1.08,-0.66,25.21,-2.01,-31.68
1731245962.4613652,0.48,-0.66,-0.48,-22.89,5.0,39.37
1731246062.4613652,0.36,-0.54,-0.64,0.55,8.91,-25.7
1731246162.4613652,0.37,-1.06,-0.62,-1.22,20.39,-16.78
1731246261.4613652,0.41,-0.56,-0.55,-2.14,0.31,31.68
1731246360.4613652,0.25,-0.6,-0.65,3.54,14.65,-26.86
1731246459.4613652,0.3,-0.95,-0.76,-51.94,16.91,9.77
1731246559.4613652,0.41,-0.66,-0.58,-18.62,-6.41,51.51
1731246658.4613652,0.35,-0.51,-0.69,3.42,1.46,-16.3
1731246757.4613652,0.32,-1.06,-0.71,-54.87,4.09,2.99
1731246856.4613652,0.5,-0.71,-0.55,-31.49,-6.35,43.82
1731246956.4613652,0.35,-0.55,-0.59,43.15,-6.35,-27.95
1731247055.4613652,0.37,-1.16,-0.73,2.14,-5.98,-10.13
1731247155.4613652,0.48,-0.61,-0.55,-21.42,-7.08,40.53
1731247254.4613652,0.38,-0.55,-0.51,-8.97,4.39,-28.81
1731247353.4613652,0.44,-1.01,-0.56,-36.13,-3.78,-15.5
1731247452.4613652,0.43,-0.56,-0.4,-3.17,10.99,33.02
1731247552.4613652,0.37,-0.62,-0.49,4.21,3.91,-39.67
1731247652.4613652,0.34,-0.98,-0.42,-62.01,2.01,6.96
1731247752.4613652,0.49,-0.55,-0.32,5.43,5.86,18.92
1731247851.4613652,0.22,-0.83,-0.39,25.15,2.75,-40.1
1731247950.4613652,0.44,-0.9,-0.36,-45.29,17.7,9.83
1731248050.4613652,0.4,-0.57,-0.38,19.04,9.52,16.85
1731248150.4613652,0.24,-0.71,-0.52,49.38,15.26,-57.31
1731248250.4613652,0.32,-0.95,-0.74,-31.8,-0.49,8.42
1731248350.4613652,0.25,-0.58,-0.5,11.47,2.99,29.05
1731248450.4613652,0.19,-0.98,-0.72,0.31,6.53,-26.98
1731248550.4613652,0.4,-0.78,-0.41,-19.04,3.3,41.02
1731248649.4613652,0.25,-0.71,-0.62,14.4,4.58,21.0
1731248749.4613652,0.28,-0.95,-0.66,3.78,2.69,-25.76
1731248849.4613652,0.42,-0.74,-0.37,1.83,-22.95,46.57
1731248948.4613652,0.37,-0.55,-0.58,5.86,2.2,-22.52
1731249048.4613652,0.4,-1.07,-0.58,-48.77,-16.6,-3.23
1731249148.4613652,0.45,-0.57,-0.35,-9.28,-2.08,30.21
1731249248.4613652,0.37,-0.65,-0.42,39.92,2.32,-38.76
1731249347.4613652,0.42,-1.0,-0.44,-30.09,-3.36,11.78
1731249447.4613652,0.49,-0.5,-0.44,-7.45,10.25,31.43
1731249547.4613652,0.31,-0.78,-0.42,3.78,6.47,-27.34
1731249646.4613652,0.34,-1.02,-0.37,-33.08,11.72,34.79
1731249745.4613652,0.49,-0.57,-0.33,21.55,18.55,21.67
1731249845.4613652,0.41,-0.64,-0.46,31.25,12.82,-44.43
1731249945.4613652,0.41,-0.88,-0.51,-10.74,-9.58,20.39
1731250045.4613652,0.4,-0.59,-0.55,51.45,5.49,17.82
1731250145.4613652,0.3,-0.75,-0.62,-4.27,9.64,-29.3
1731250245.4613652,0.47,-0.82,-0.51,-42.05,-3.78,38.45
1731250345.4613652,0.44,-0.55,-0.53,29.6,-2.2,-1.28
1731250445.4613652,0.33,-1.01,-0.71,32.59,-11.23,-40.41
1731250545.4613652,0.49,-0.67,-0.56,-43.58,-8.54,51.7
1731250645.4613652,0.48,-0.5,-0.53,-21.18,-0.31,-11.84
1731250744.4613652,0.47,-1.19,-0.63,-14.1,-5.43,-17.03
1731250844.4613652,0.5,-0.67,-0.44,-22.4,19.35,35.46
1731250944.4613652,0.51,-0.64,-0.63,-19.59,6.59,-5.25
1731251044.4613652,0.44,-1.09,-0.58,-26.67,-0.55,-19.53
1731251144.4613652,0.52,-0.73,-0.43,-20.02,12.39,33.75
1731251244.4613652,0.45,-0.63,-0.66,17.76,-2.14,0.12
1731251343.4613652,0.42,-1.18,-0.56,24.78,-22.09,-24.17
1731251442.4613652,0.55,-0.56,-0.39,-13.0,10.19,36.13
1731251542.4613652,0.46,-0.5,-0.55,-19.23,10.68,-61.46
1731251642.4613652,0.4,-1.07,-0.3,-7.2,4.46,5.25
1731251742.4613652,0.36,-0.74,-0.57,23.8,17.15,31.56
1731251842.4613652,0.31,-0.94,-0.61,25.21,12.21,-58.23
1731251941.4613652,0.41,-0.86,-0.35,-13.79,8.42,31.43
1731252040.4613652,0.32,-0.7,-0.63,39.18,4.15,10.8
1731252139.4613652,0.23,-0.95,-0.54,12.57,3.05,-50.05
1731252238.4613652,0.36,-0.85,-0.45,-8.91,9.77,47.55
1731252337.4613652,0.36,-0.62,-0.49,40.53,3.17,15.38
1731252437.4613652,0.23,-1.01,-0.55,26.49,-1.59,-44.31
1731252537.4613652,0.4,-0.88,-0.36,-6.96,9.77,32.29
1731252637.4613652,0.38,-0.55,-0.57,43.82,2.2,4.7
1731252737.4613652,0.2,-0.89,-0.58,13.12,-0.61,-43.21
1731252837.4613652,0.35,-0.91,-0.51,-0.18,-2.62,26.98
1731252937.4613652,0.31,-0.63,-0.57,34.85,-2.32,23.19
1731253037.4613652,0.27,-0.84,-0.63,3.72,5.43,-8.24
1731253137.4613652,0.45,-0.83,-0.51,-44.74,-0.24,60.42
1731253237.4613652,0.4,-0.67,-0.48,63.11,-8.0,4.33
1731253336.4613652,0.33,-0.89,-0.59,0.49,-8.61,-44.13
1731253436.4613652,0.44,-0.83,-0.46,-9.46,-3.72,51.09
1731253535.4613652,0.48,-0.68,-0.58,24.66,1.89,9.34
1731253635.4613652,0.45,-1.17,-0.61,9.34,-12.08,-39.98
1731253734.4613652,0.44,-0.7,-0.47,-25.76,16.42,43.21
1731253834.4613652,0.45,-0.63,-0.69,-5.43,5.19,13.79
1731253934.4613652,0.47,-1.12,-0.59,5.37,1.77,-13.49
1731254033.4613652,0.54,-0.66,-0.46,-6.41,18.25,37.41
1731254133.4613652,0.39,-0.6,-0.64,74.16,3.91,21.42
1731254233.4613652,0.39,-0.98,-0.69,74.71,5.49,-15.99
1731254332.4613652,0.52,-0.74,-0.58,-21.85,-0.18,45.65
1731254432.4613652,0.41,-0.53,-0.65,45.78,0.0,11.78
1731254532.4613652,0.32,-0.77,-0.65,41.93,4.52,-48.03
1731254632.4613652,0.53,-0.77,-0.57,-28.75,-0.55,39.98
1731254732.4613652,0.43,-0.47,-0.59,11.54,-5.0,26.49
1731254831.4613652,0.38,-0.9,-0.65,35.58,-4.09,-38.7
1731254931.4613652,0.59,-0.73,-0.49,-45.23,-1.77,35.64
1731255031.4613652,0.51,-0.55,-0.5,0.73,4.7,-12.7
1731255130.4613652,0.42,-0.87,-0.65,0.67,11.29,-23.86
1731255230.4613652,0.5,-0.76,-0.57,-18.43,1.53,34.0
1731255330.4613652,0.49,-0.48,-0.55,2.56,8.0,0.31
1731255429.4613652,0.4,-0.9,-0.56,11.54,8.79,-36.25
1731255528.4613652,0.47,-0.84,-0.54,-8.73,-0.98,36.5
1731255628.4613652,0.48,-0.46,-0.5,32.35,3.72,-0.06
1731255728.4613652,0.43,-0.74,-0.57,23.07,9.28,-46.08
1731255827.4613652,0.42,-0.89,-0.58,2.08,-5.19,28.44
1731255927.4613652,0.46,-0.37,-0.57,34.06,0.67,17.46
1731256027.4613652,0.28,-0.85,-0.66,17.7,6.41,-36.56
1731256126.4613652,0.54,-0.84,-0.55,-19.23,3.36,40.41
1731256225.4613652,0.51,-0.39,-0.47,16.6,4.52,13.37
1731256325.4613652,0.39,-0.65,-0.59,7.87,4.03,-44.37
1731256424.4613652,0.49,-0.8,-0.49,-25.02,-3.3,32.78
1731256523.4613652,0.47,-0.5,-0.49,30.15,2.38,21.48
1731256623.4613652,0.4,-0.74,-0.54,24.29,3.54,-44.92
1731256722.4613652,0.55,-0.7,-0.42,-26.18,-10.5,32.65
1731256822.4613652,0.5,-0.49,-0.39,25.21,8.06,1.53
1731256922.4613652,0.45,-0.69,-0.5,51.51,7.26,-64.15
1731257022.4613652,0.52,-0.73,-0.55,-28.99,4.09,36.5
1731257121.4613652,0.41,-0.57,-0.66,43.7,-1.46,5.8
1731257221.4613652,0.31,-0.79,-0.61,34.73,6.9,-38.39
1731257320.4613652,0.49,-0.78,-0.75,-13.55,5.25,23.07
1731257419.4613652,0.49,-0.37,-0.53,8.42,0.92,16.48
1731257518.4613652,0.33,-0.59,-0.73,24.66,4.88,-25.21
1731257618.4613652,0.53,-0.74,-0.67,-27.34,6.23,17.33
1731257717.4613652,0.52,-0.42,-0.59,-32.71,-2.56,32.29
1731257817.4613652,0.42,-0.46,-0.71,9.77,13.98,-19.53
1731257917.4613652,0.46,-0.88,-0.76,-25.45,3.48,-3.11
1731258017.4613652,0.49,-0.6,-0.66,-29.79,-9.22,50.78
1731258116.4613652,0.48,-0.42,-0.74,-14.53,-4.15,-4.27
1731258216.4613652,0.52,-0.96,-0.77,-29.3,-9.16,-10.74
1731258315.4613652,0.57,-0.54,-0.54,-40.53,-6.65,43.21
1731258415.4613652,0.56,-0.51,-0.63,-4.58,-3.48,-8.3
1731258515.4613652,0.61,-1.0,-0.61,-16.11,-7.69,-21.24
1731258615.4613652,0.57,-0.56,-0.46,-20.08,10.99,29.17
1731258715.4613652,0.53,-0.58,-0.71,-19.47,2.44,-8.54
1731258815.4613652,0.56,-0.97,-0.58,-22.4,-3.48,-30.15
1731258914.4613652,0.57,-0.63,-0.44,-16.36,8.48,43.64
1731259014.4613652,0.53,-0.58,-0.65,-15.87,-1.95,0.24
1731259114.4613652,0.53,-1.03,-0.57,14.53,1.53,-28.75
1731259213.4613652,0.57,-0.66,-0.5,-23.01,20.45,36.5
1731259312.4613652,0.47,-0.63,-0.61,4.76,22.46,6.04
1731259411.4613652,0.42,-0.9,-0.85,39.12,20.75,-34.06
1731259510.4613652,0.59,-0.5,-0.54,27.71,-20.81,31.56
1731259609.4613652,0.44,-0.5,-0.67,-0.43,6.77,-20.2
1731259708.4613652,0.47,-0.8,-0.7,-25.09,7.81,-7.26
1731259808.4613652,0.55,-0.59,-0.58,0.37,-18.92,44.37
1731259907.4613652,0.41,-0.54,-0.78,-1.53,2.5,-1.46
1731260006.4613652,0.54,-0.98,-0.73,-34.79,14.71,-13.92
1731260106.4613652,0.63,-0.5,-0.49,-65.67,-1.53,46.02
1731260205.4613652,0.37,-0.71,-0.55,40.53,0.85,-2.14
1731260304.4613652,0.55,-0.96,-0.7,-3.3,9.77,-20.02
1731260404.4613652,0.5,-0.68,-0.48,-12.45,0.37,42.79
1731260504.4613652,0.47,-0.66,-0.74,27.53,7.26,5.43
1731260604.4613652,0.57,-0.93,-0.57,-76.78,-7.75,10.62
1731260704.4613652,0.64,-0.49,-0.45,-0.31,-2.93,35.4
1731260804.4613652,0.57,-0.48,-0.54,26.31,-13.43,-35.22
1731260903.4613652,0.58,-1.21,-0.63,25.21,-17.15,-13.43
1731261003.4613652,0.57,-0.37,-0.41,16.48,18.01,15.63
1731261103.4613652,0.49,-0.55,-0.38,5.62,11.84,-48.71
1731261203.4613652,0.58,-0.89,-0.45,-39.79,9.64,28.56
1731261302.4613652,0.45,-0.57,-0.68,45.29,-5.13,16.6
1731261402.4613652,0.42,-0.81,-0.63,48.22,-6.29,-57.56
1731261502.4613652,0.58,-0.63,-0.43,-43.15,7.45,45.96
1731261601.4613652,0.5,-0.56,-0.57,-14.77,1.95,-30.09
1731261701.4613652,0.56,-0.94,-0.52,-23.19,-0.43,-6.84
1731261801.4613652,0.51,-0.48,-0.44,8.06,2.26,27.89
1731261900.4613652,0.43,-0.59,-0.47,21.55,2.38,-48.03
1731261999.4613652,0.54,-0.86,-0.47,1.95,5.74,22.03
1731262099.4613652,0.45,-0.53,-0.58,11.41,4.58,17.88
1731262199.4613652,0.44,-0.86,-0.65,24.29,5.74,-39.98
1731262299.4613652,0.5,-0.77,-0.55,7.87,-5.31,41.38
1731262398.4613652,0.38,-0.58,-0.75,-2.44,8.06,-3.6
1731262498.4613652,0.48,-0.91,-0.65,-19.29,17.09,-12.45
1731262597.4613652,0.58,-0.53,-0.49,7.57,1.83,34.12
1731262697.4613652,0.29,-0.67,-0.61,1.46,7.08,-38.64
1731262797.4613652,0.55,-0.75,-0.7,-41.81,24.48,3.54
1731262896.4613652,0.49,-0.5,-0.51,12.63,-6.9,23.86
1731262995.4613652,0.27,-0.68,-0.63,1.28,13.37,-39.06
1731263095.4613652,0.05,-0.79,-0.62,-34.61,55.36,-6.65
1731263195.4613652,0.02,-0.77,-0.78,-38.02,137.7,-6.23
1731263295.4613652,0.17,-0.77,-0.67,1.04,132.57,-29.36
1731263394.4613652,0.08,-0.75,-0.64,21.61,97.11,-49.26
1731263493.4613652,-0.14,-0.79,-0.7,17.46,24.48,-31.86
1731263593.4613652,-0.36,-0.59,-0.54,-21.3,8.73,-18.68
1731263693.4613652,-0.14,-0.87,-0.71,33.08,-5.98,10.13
1731263793.4613652,-0.55,-0.47,-0.68,43.03,0.06,-19.9
1731263893.4613652,-0.41,-0.78,-0.94,2.26,-12.33,11.96
1731263993.4613652,-0.22,-0.56,-0.71,-26.37,-10.99,47.0
1731264093.4613652,-0.62,-0.54,-0.86,82.28,-3.11,-36.07
1731264193.4613652,-0.14,-0.62,-0.77,-23.74,8.12,24.05
1731264293.4613652,-0.34,-0.5,-0.83,5.74,2.14,0.18
1731264393.4613652,-0.39,-0.58,-0.79,3.6,-0.12,-20.14
1731264492.4613652,-0.23,-0.49,-0.8,39.92,-6.41,39.55
1731264591.4613652,-0.45,-0.35,-0.75,-39.31,0.73,-17.94
1731264691.4613652,-0.48,-0.52,-0.8,-20.02,28.56,-26.37
1731264790.4613652,-0.13,-0.54,-0.73,-37.17,4.76,42.24
1731264890.4613652,-0.55,-0.44,-0.66,11.6,12.63,-5.8
1731264989.4613652,-0.45,-0.75,-1.08,16.97,3.54,-3.6
1731265089.4613652,-0.34,-0.53,-0.75,-32.41,-1.95,37.96
1731265188.4613652,-0.42,-0.54,-0.81,14.34,1.71,-40.59
1731265288.4613652,-0.38,-0.61,-0.82,-24.6,-4.03,13.18
1731265387.4613652,-0.31,-0.42,-0.73,-20.75,8.42,5.62
1731265487.4613652,-0.4,-0.51,-0.8,9.52,5.25,-36.32
1731265587.4613652,-0.45,-0.62,-0.86,-14.22,0.61,-2.32
1731265687.4613652,-0.39,-0.48,-0.75,-6.96,8.18,17.46
1731265786.4613652,-0.47,-0.47,-0.8,2.32,5.07,-15.44
1731265885.4613652,-0.46,-0.5,-0.84,-0.12,9.64,11.66
1731265985.4613652,-0.47,-0.55,-0.73,-10.93,9.22,33.14
1731266084.4613652,-0.44,-0.5,-0.72,12.08,17.94,9.34
1731266184.4613652,-0.5,-0.58,-0.87,15.81,7.02,-0.31
1731266284.4613652,-0.46,-0.53,-0.8,-17.58,-7.32,16.6
1731266383.4613652,-0.46,-0.53,-0.63,-34.12,-26.49,-28.02
1731266482.4613652,-0.48,-0.63,-0.58,8.79,-0.61,-9.22
1731266582.4613652,-0.48,-0.58,-0.74,-2.44,4.21,20.32
1731266682.4613652,-0.45,-0.55,-0.73,12.63,3.91,-5.68
1731266782.4613652,-0.47,-0.58,-0.77,13.92,0.43,-2.38
1731266881.4613652,-0.47,-0.57,-0.82,8.54,2.62,6.84
1731266980.4613652,-0.4,-0.47,-0.76,-12.82,8.0,10.38
1731267079.4613652,-0.45,-0.51,-0.76,1.95,2.14,-10.86
1731267179.4613652,-0.44,-0.47,-0.78,1.95,0.92,4.64
1731267279.4613652,-0.45,-0.52,-0.68,-10.25,5.55,20.87
1731267379.4613652,-0.47,-0.54,-0.75,8.85,-2.62,-17.46
1731267479.4613652,-0.49,-0.55,-0.69,10.74,-4.33,-3.91
1731267579.4613652,-0.49,-0.58,-0.82,-0.98,0.49,11.11
1731267679.4613652,-0.36,-0.44,-0.77,-11.17,8.97,14.34
1731267779.4613652,-0.43,-0.48,-0.74,4.52,3.48,-20.2
1731267879.4613652,-0.46,-0.45,-0.9,-6.23,6.84,5.37
1731267979.4613652,-0.48,-0.48,-0.7,-9.83,6.35,22.22
1731268079.4613652,-0.44,-0.43,-0.8,0.0,5.92,-10.01
1731268179.4613652,-0.52,-0.53,-0.77,14.89,-1.46,-9.28
1731268278.4613652,-0.5,-0.51,-0.8,-2.87,-2.01,6.77
1731268378.4613652,-0.4,-0.4,-0.81,-10.62,2.14,14.16
1731268477.4613652,-0.48,-0.49,-0.71,-0.85,-2.08,-10.01
1731268577.4613652,-0.5,-0.52,-0.71,5.13,-4.64,-1.89
1731268676.4613652,-0.48,-0.55,-0.83,-4.03,-2.93,6.84
1731268776.4613652,-0.37,-0.42,-0.76,-8.0,1.59,17.52
1731268875.4613652,-0.42,-0.48,-0.74,-8.36,3.6,-8.91
1731268974.4613652,-0.43,-0.46,-0.84,-21.0,5.62,11.05
1731269074.4613652,-0.43,-0.48,-0.68,-10.44,9.16,21.3
1731269173.4613652,-0.43,-0.45,-0.65,-5.62,5.0,-19.78
1731269273.4613652,-0.5,-0.55,-0.75,10.25,2.01,-7.39
1731269373.4613652,-0.49,-0.53,-0.78,-10.99,-0.37,26.43
1731269472.4613652,-0.48,-0.48,-0.74,-3.48,-2.69,-4.76
1731269572.4613652,-0.49,-0.59,-0.78,11.47,-1.16,-2.69
1731269672.4613652,-0.46,-0.53,-0.79,-3.36,1.83,17.03
1731269771.4613652,-0.42,-0.49,-0.77,3.48,0.73,1.22
1731269871.4613652,-0.48,-0.57,-0.84,3.54,-5.43,-7.39
1731269970.4613652,-0.49,-0.58,-0.88,-11.54,-1.16,17.82
1731270069.4613652,-0.37,-0.45,-0.77,-20.63,5.8,21.91
1731270168.4613652,-0.47,-0.52,-0.71,-1.53,-2.08,-26.55
1731270267.4613652,-0.54,-0.62,-0.7,7.57,7.51,6.04
1731270367.4613652,-0.42,-0.5,-0.7,-13.12,7.2,23.44
1731270466.4613652,-0.41,-0.51,-0.8,11.17,2.01,-5.55
1731270566.4613652,-0.46,-0.58,-0.81,16.72,-3.42,-12.63
1731270666.4613652,-0.46,-0.55,-0.8,-2.99,-1.65,5.07
1731270766.4613652,-0.39,-0.46,-0.75,-13.31,5.74,14.1
1731270865.4613652,-0.45,-0.46,-0.77,-8.73,1.89,-17.46
1731270965.4613652,-0.51,-0.6,-0.6,1.1,3.48,4.33
1731271064.4613652,-0.45,-0.53,-0.74,-7.93,6.71,23.44
1731271163.4613652,-0.39,-0.48,-0.8,1.83,1.16,1.4
1731271262.4613652,-0.44,-0.54,-0.77,11.9,-0.85,-8.67
1731271361.4613652,-0.45,-0.54,-0.82,3.85,1.83,-3.23
1731271461.4613652,-0.45,-0.53,-0.77,-5.49,4.58,15.93
1731271561.4613652,-0.39,-0.4,-0.71,-11.05,6.71,-1.59
1731271660.4613652,-0.48,-0.54,-0.64,7.08,5.37,0.98
1731271759.4613652,-0.44,-0.5,-0.77,7.93,10.38,10.25
1731271858.4613652,-0.45,-0.5,-0.76,9.58,8.91,-13.24
1731271958.4613652,-0.51,-0.52,-0.75,19.41,-5.0,-16.05
1731272058.4613652,-0.46,-0.5,-0.79,4.39,-0.61,9.09
1731272158.4613652,-0.47,-0.47,-0.77,-10.44,2.87,16.78
1731272258.4613652,-0.5,-0.45,-0.72,13.85,7.32,3.48
1731272357.4613652,-0.5,-0.54,-0.71,13.24,1.04,9.64
1731272456.4613652,-0.46,-0.43,-0.77,-15.01,0.12,18.86
1731272555.4613652,-0.39,-0.38,-0.79,-13.73,-3.72,-16.3
1731272655.4613652,-0.5,-0.56,-0.86,16.3,-3.66,-5.68
1731272754.4613652,-0.48,-0.52,-0.83,-9.09,-4.58,14.53
1731272853.4613652,-0.36,-0.43,-0.81,-32.04,0.61,18.92
1731272952.4613652,-0.4,-0.44,-0.72,-19.17,-0.24,-8.91
1731273052.4613652,-0.44,-0.57,-0.9,-6.23,0.49,9.09
1731273152.4613652,-0.41,-0.55,-0.7,-17.88,1.28,25.09
1731273252.4613652,-0.42,-0.61,-0.67,16.11,-5.25,-22.46
1731273352.4613652,-0.42,-0.58,-0.78,23.25,3.23,-13.73
1731273451.4613652,-0.46,-0.58,-0.82,8.42,5.92,7.02
1731273551.4613652,-0.41,-0.5,-0.75,-7.26,1.46,-2.81
1731273651.4613652,-0.4,-0.49,-0.76,0.98,2.56,-15.14
1731273751.4613652,-0.43,-0.49,-0.87,-10.68,3.3,6.59
1731273851.4613652,-0.43,-0.54,-0.77,-6.96,4.09,22.52
1731273951.4613652,-0.46,-0.56,-0.72,4.03,-1.53,-2.93
1731274050.4613652,-0.42,-0.53,-0.82,4.58,12.51,11.66
1731274150.4613652,-0.4,-0.49,-0.78,-5.68,8.36,15.32
1731274249.4613652,-0.44,-0.47,-0.66,15.99,2.38,-32.29
1731274348.4613652,-0.47,-0.51,-0.81,9.22,4.58,-23.25
1731274447.4613652,-0.52,-0.51,-0.72,-34.18,-6.65,28.81
1731274546.4613652,-0.37,-0.46,-0.71,-8.97,-2.69,10.44
1731274646.4613652,-0.46,-0.57,-0.74,4.15,-0.85,-9.4
1731274746.4613652,-0.47,-0.58,-0.85,-8.97,-0.79,21.61
1731274846.4613652,-0.38,-0.49,-0.74,-32.1,11.47,28.38
1731274946.4613652,-0.46,-0.57,-0.65,1.77,3.3,-5.74
1731275045.4613652,-0.41,-0.58,-0.81,-23.68,0.0,-2.01
1731275145.4613652,-0.42,-0.61,-0.7,-16.42,-3.85,8.85
1731275244.4613652,-0.43,-0.58,-0.78,-9.95,-3.72,-22.64
1731275343.4613652,-0.49,-0.65,-0.79,-26.25,1.46,-8.91
1731275442.4613652,-0.42,-0.63,-0.67,-2.62,8.85,37.72
1731275542.4613652,-0.47,-0.65,-0.68,28.63,0.79,-14.89
1731275642.4613652,-0.49,-0.68,-0.67,5.37,11.84,3.91
1731275741.4613652,-0.45,-0.61,-0.72,-6.84,6.65,29.48
1731275841.4613652,-0.3,-0.44,-0.64,-0.43,-4.09,-7.08
1731275940.4613652,-0.48,-0.65,-0.77,30.4,-7.32,-38.7
1731276040.4613652,-0.42,-0.6,-0.69,-22.58,-0.43,22.4
1731276140.4613652,-0.36,-0.51,-0.66,2.62,10.5,22.77
1731276240.4613652,-0.46,-0.69,-0.79,4.88,0.49,-10.44
1731276339.4613652,-0.39,-0.65,-0.72,6.23,5.31,36.01
1731276439.4613652,-0.31,-0.53,-0.72,-20.39,9.64,19.17
1731276539.4613652,-0.39,-0.57,-0.7,-0.24,3.72,-13.06
1731276639.4613652,-0.45,-0.67,-0.9,0.98,-4.03,-13.61
1731276739.4613652,-0.4,-0.6,-0.64,-12.82,8.73,27.47
1731276838.4613652,-0.48,-0.67,-0.65,2.62,-0.18,-16.36
1731276938.4613652,-0.47,-0.66,-0.6,14.4,-0.92,-19.35
1731277037.4613652,-0.47,-0.64,-0.61,-15.14,1.71,25.39
1731277137.4613652,-0.35,-0.57,-0.7,15.87,-15.44,-3.72
1731277237.4613652,-0.4,-0.58,-0.72,5.07,-4.76,-25.21
1731277337.4613652,-0.42,-0.59,-0.86,-8.79,0.18,8.61
1731277436.4613652,-0.4,-0.58,-0.67,-4.7,9.09,28.93
1731277535.4613652,-0.48,-0.63,-0.67,5.8,0.06,-11.6
1731277635.4613652,-0.46,-0.66,-0.65,5.19,-2.75,-5.37
1731277735.4613652,-0.43,-0.6,-0.65,-15.99,6.29,35.77
1731277835.4613652,-0.34,-0.59,-0.75,-0.98,0.06,-1.16
1731277934.4613652,-0.45,-0.63,-0.72,32.35,-13.12,-44.19
1731278033.4613652,-0.44,-0.75,-0.71,-30.09,-9.34,24.41
1731278133.4613652,-0.28,-0.56,-0.66,-31.56,11.17,25.33
1731278233.4613652,-0.47,-0.83,-0.66,5.37,-3.72,-7.69
1731278333.4613652,-0.37,-0.68,-0.68,9.16,3.42,19.53
1731278433.4613652,-0.35,-0.66,-0.59,7.26,2.14,6.65
1731278533.4613652,-0.36,-0.67,-0.7,-0.06,-2.32,-14.16
1731278633.4613652,-0.43,-0.73,-0.6,-7.32,-1.22,12.27
1731278733.4613652,-0.35,-0.65,-0.67,-4.15,13.31,34.73
1731278833.4613652,-0.32,-0.62,-0.71,8.67,0.0,-20.32
1731278932.4613652,-0.38,-0.76,-0.69,-9.89,-5.55,2.5
1731279032.4613652,-0.28,-0.65,-0.69,-7.08,13.55,33.87
1731279132.4613652,-0.38,-0.66,-0.67,21.0,-5.13,-38.27
1731279231.4613652,-0.47,-0.8,-0.73,2.56,-7.93,-29.36
1731279331.4613652,-0.44,-0.59,-0.68,-6.41,12.33,40.77
1731279430.4613652,-0.47,-0.71,-0.69,19.53,-2.08,-22.46
1731279530.4613652,-0.46,-0.71,-0.61,20.51,-7.39,-20.02
1731279630.4613652,-0.42,-0.64,-0.64,-4.15,9.58,36.8
1731279730.4613652,-0.28,-0.46,-0.65,15.75,-1.28,9.83
1731279830.4613652,-0.4,-0.57,-0.75,13.92,-7.32,-22.71
1731279929.4613652,-0.33,-0.64,-0.64,-9.52,-0.67,45.47
1731280029.4613652,-0.15,-0.45,-0.71,40.77,-25.33,-10.99
1731280128.4613652,-0.37,-0.61,-0.79,21.42,3.17,-42.05
1731280227.4613652,-0.19,-0.62,-0.72,11.78,-6.16,57.56
1731280327.4613652,-0.22,-0.35,-0.79,15.26,-6.53,-0.61
1731280427.4613652,-0.3,-0.6,-0.84,31.86,15.32,-45.35
1731280527.4613652,-0.15,-0.55,-0.76,-55.97,12.45,38.64
1731280626.4613652,-0.29,-0.41,-0.76,21.73,-10.5,6.16
1731280726.4613652,-0.59,-0.5,-0.86,28.99,16.66,-65.25
1731280825.4613652,-0.02,-0.66,-0.73,-55.18,8.36,53.16
1731280924.4613652,-0.05,-0.25,-0.63,-7.75,-12.7,15.2
1731281024.4613652,-0.6,-0.67,-0.86,19.1,9.46,-66.77
1731281123.4613652,-0.03,-0.66,-0.64,-36.99,3.05,57.56
1731281222.4613652,-0.35,-0.26,-0.58,16.42,-13.24,-5.0
1731281322.4613652,-0.61,-0.91,-0.96,6.16,5.74,-23.93
1731281421.4613652,0.01,-0.5,-0.73,-38.02,4.76,55.66
1731281521.4613652,-0.58,-0.46,-0.87,55.48,-13.12,-37.96
1731281621.4613652,-0.53,-0.97,-1.13,14.22,6.04,-9.89
1731281721.4613652,0.03,-0.32,-0.8,-53.59,4.58,66.47
1731281820.4613652,-0.67,-0.49,-0.83,49.19,0.43,-51.51
1731281919.4613652,-0.27,-0.78,-1.1,-94.36,33.14,12.7
1731282019.4613652,-0.05,-0.18,-0.71,-6.35,6.23,3.91
1731282119.4613652,-0.58,-0.51,-0.91,22.34,9.16,-55.73
1731282219.4613652,-0.08,-0.64,-0.75,-22.71,8.36,31.37
1731282318.4613652,-0.27,-0.25,-0.65,-2.14,-9.4,8.36
1731282417.4613652,-0.61,-0.5,-0.85,20.26,14.04,-44.92
1731282516.4613652,-0.11,-0.73,-0.75,-37.9,5.31,58.35
1731282616.4613652,-0.21,-0.24,-0.67,19.9,-18.25,23.56
1731282715.4613652,-0.57,-0.59,-0.84,29.79,16.91,-62.87
1731282814.4613652,0.01,-0.78,-0.68,-22.89,-1.77,69.95
1731282913.4613652,-0.22,-0.3,-0.64,51.88,-14.65,-4.46
1731283013.4613652,-0.6,-0.8,-0.96,36.07,13.55,-66.16
1731283113.4613652,0.0,-0.67,-0.64,-34.67,-6.96,85.82
1731283212.4613652,-0.47,-0.49,-0.66,60.79,-2.93,-34.48
1731283311.4613652,-0.47,-0.97,-0.95,-16.54,21.3,-25.39
1731283410.4613652,-0.03,-0.6,-0.64,-43.58,0.12,81.6
1731283509.4613652,-0.67,-0.6,-0.77,89.05,-9.7,-49.19
1731283608.4613652,-0.41,-0.92,-1.12,-17.33,3.78,-4.27
1731283708.4613652,-0.06,-0.35,-0.61,0.37,-15.26,17.76
1731283807.4613652,-0.74,-0.57,-1.13,94.48,-8.79,-40.59
1731283907.4613652,-0.26,-0.69,-0.99,-37.78,20.81,14.95
1731284006.4613652,-0.07,-0.3,-0.78,-37.78,-10.68,44.37
1731284106.4613652,-0.74,-0.45,-0.9,30.15,-3.72,-42.54
1731284206.4613652,-0.32,-0.66,-0.96,-72.63,25.82,17.4
1731284306.4613652,-0.01,-0.33,-0.76,-51.21,-2.26,77.76
1731284406.4613652,-0.7,-0.52,-0.91,77.15,-10.19,-41.81
1731284505.4613652,-0.39,-0.78,-1.07,-51.94,25.51,10.01
1731284605.4613652,0.05,-0.4,-0.81,-51.57,0.55,59.69
1731284705.4613652,-0.66,-0.37,-0.88,62.87,-9.4,-44.68
1731284804.4613652,-0.5,-0.79,-1.22,-30.7,23.32,-11.47
1731284904.4613652,-0.03,-0.43,-0.78,-45.1,-3.05,72.51
1731285003.4613652,-0.66,-0.53,-0.92,110.53,-23.56,-34.91
1731285103.4613652,-0.55,-0.91,-1.18,-55.79,13.61,-6.65
1731285203.4613652,0.07,-0.48,-0.79,-69.7,10.68,51.39
1731285302.4613652,-0.58,-0.48,-0.87,69.64,-12.39,-36.99
1731285402.4613652,-0.43,-0.93,-0.9,-39.61,20.94,1.53
1731285501.4613652,-0.02,-0.44,-0.8,-54.5,1.46,53.77
1731285601.4613652,-0.66,-0.55,-0.8,14.77,7.26,-31.98
1731285701.4613652,-0.44,-0.9,-1.04,-25.39,8.97,1.77
1731285800.4613652,-0.03,-0.45,-0.7,-70.01,2.56,85.39
1731285900.4613652,-0.67,-0.61,-0.82,52.19,-5.31,-45.47
1731286000.4613652,-0.34,-0.89,-0.96,-32.78,9.95,3.54
1731286099.4613652,0.04,-0.32,-0.65,-24.29,-1.22,49.44
1731286198.4613652,-0.71,-0.55,-0.9,113.22,-18.25,-68.3
1731286298.4613652,-0.35,-0.9,-1.06,-56.64,16.6,10.19
1731286398.4613652,0.0,-0.27,-0.81,-68.05,-0.24,74.77
1731286498.4613652,-0.76,-0.46,-0.99,57.31,-4.46,-51.27
1731286597.4613652,-0.39,-0.9,-1.04,-57.37,18.62,18.01
1731286697.4613652,0.03,-0.23,-0.82,-50.6,-7.02,65.37
1731286796.4613652,-0.74,-0.44,-0.92,69.09,-5.31,-60.06
1731286895.4613652,-0.37,-0.84,-1.1,-23.19,15.08,1.22
1731286994.4613652,0.05,-0.28,-0.8,-65.06,-1.34,69.89
1731287094.4613652,-0.64,-0.38,-0.91,60.0,-7.51,-37.48
1731287193.4613652,-0.42,-0.89,-1.17,-21.48,18.86,-9.77
1731287293.4613652,0.02,-0.47,-0.75,-51.03,-0.06,79.41
1731287393.4613652,-0.54,-0.56,-0.87,90.39,-7.39,-28.56
1731287493.4613652,-0.47,-0.85,-0.92,5.13,16.36,-38.94
1731287593.4613652,0.04,-0.58,-0.7,-35.52,1.65,76.54
1731287693.4613652,-0.42,-0.36,-0.74,52.73,-1.77,-20.57
1731287793.4613652,-0.46,-0.68,-0.88,7.45,14.22,-43.82
1731287892.4613652,0.09,-0.61,-0.7,-39.12,4.88,73.0
1731287992.4613652,-0.35,-0.51,-0.73,36.87,-6.41,-3.97
1731288092.4613652,-0.5,-0.54,-0.83,4.33,24.78,-66.22
1731288191.4613652,0.03,-0.58,-0.67,-48.03,15.01,33.81
1731288290.4613652,-0.18,-0.39,-0.73,-25.7,-9.77,47.91
1731288390.4613652,-0.71,-0.65,-0.9,38.27,6.53,-50.84
1731288490.4613652,-0.39,-0.84,-0.92,2.99,20.08,-4.58
1731288589.4613652,-0.02,-0.46,-0.74,-36.38,-4.64,59.63
1731288688.4613652,-0.49,-0.47,-0.74,91.0,-16.05,-35.22
1731288788.4613652,-0.55,-0.56,-0.86,7.08,17.58,-44.31
1731288887.4613652,0.03,-0.55,-0.79,-21.0,11.66,40.34
1731288987.4613652,-0.25,-0.35,-0.78,3.72,-16.05,20.63
1731289086.4613652,-0.67,-0.6,-0.9,10.68,6.53,-36.32
1731289186.4613652,-0.34,-0.57,-0.87,-1.28,17.82,12.21
1731289285.4613652,-0.06,-0.43,-0.78,-31.62,-3.91,45.41
1731289384.4613652,-0.54,-0.57,-0.84,25.27,-12.33,3.23
1731289483.4613652,-0.58,-0.65,-1.0,-3.48,18.49,-18.13
1731289583.4613652,0.06,-0.68,-0.78,-29.11,-12.21,43.46
1731289683.4613652,-0.2,-0.32,-0.67,47.73,-18.01,6.59
1731289783.4613652,-0.63,-0.6,-0.94,39.92,9.58,-68.18
1731289883.4613652,-0.11,-0.57,-0.75,-51.51,13.85,37.35
1731289983.4613652,-0.11,-0.27,-0.75,-53.34,-0.24,41.63
1731290083.4613652,-0.73,-0.72,-0.94,11.11,10.62,-44.25
1731290183.4613652,-0.42,-0.76,-1.05,-12.7,24.96,16.78
1731290282.4613652,0.03,-0.36,-0.68,-15.01,-15.5,51.39
1731290382.4613652,-0.59,-0.67,-0.9,152.89,-24.9,-63.17
1731290481.4613652,-0.62,-0.56,-1.15,-51.51,6.29,0.79
1731290581.4613652,-0.09,-0.45,-0.79,-65.37,-1.28,64.21
1731290681.4613652,-0.62,-0.5,-0.9,56.46,-3.91,-32.29
1731290780.4613652,-0.51,-0.73,-0.78,-5.31,16.24,1.4
1731290879.4613652,-0.07,-0.61,-0.82,-38.82,-4.03,56.52
1731290979.4613652,-0.5,-0.49,-0.72,38.94,-9.16,0.61
1731291079.4613652,-0.45,-0.71,-0.76,0.31,14.77,-25.76
1731291178.4613652,0.04,-0.61,-0.68,-43.09,-4.82,52.86
1731291277.4613652,-0.24,-0.35,-0.8,62.62,-20.51,-8.79
1731291376.4613652,-0.51,-0.8,-0.9,37.9,9.46,-48.89
1731291476.4613652,0.05,-0.62,-0.78,-31.74,9.77,44.01
1731291576.4613652,-0.25,-0.47,-0.74,11.84,-9.83,19.84
1731291676.4613652,-0.47,-0.63,-0.83,17.03,16.66,-40.1
1731291776.4613652,-0.18,-0.61,-0.91,-44.49,16.11,6.29
1731291876.4613652,-0.12,-0.45,-0.72,-29.11,-11.47,54.63
1731291976.4613652,-0.6,-0.7,-0.88,62.01,-8.67,-38.33
1731292075.4613652,-0.38,-0.8,-0.74,16.78,13.06,-14.47
1731292175.4613652,0.05,-0.46,-0.79,-39.37,2.93,35.95
1731292275.4613652,-0.35,-0.42,-0.73,23.99,-16.72,-0.92
1731292375.4613652,-0.43,-0.72,-1.01,30.33,15.2,-30.4
1731292475.4613652,0.03,-0.49,-0.79,-27.1,3.6,30.94
1731292574.4613652,-0.15,-0.28,-0.75,-12.45,-9.28,10.68
1731292674.4613652,-0.58,-0.57,-0.86,38.02,6.04,-34.79
1731292774.4613652,-0.26,-0.61,-0.99,-7.51,12.76,7.93
1731292874.4613652,-0.12,-0.41,-0.81,-28.14,-8.91,40.28
1731292973.4613652,-0.51,-0.5,-0.87,30.27,-11.9,-7.75
1731293072.4613652,-0.41,-0.58,-0.91,17.7,10.5,-20.57
1731293171.4613652,0.01,-0.47,-0.81,8.91,-20.69,29.79
1731293271.4613652,-0.31,-0.21,-0.77,1.1,-5.98,4.58
1731293370.4613652,-0.45,-0.62,-0.95,24.6,16.17,-35.64
1731293470.4613652,-0.03,-0.52,-0.85,-51.33,11.6,31.07
1731293569.4613652,-0.15,-0.32,-0.79,-54.93,-4.27,42.97
1731293669.4613652,-0.59,-0.63,-0.89,32.1,8.36,-33.33
1731293769.4613652,-0.33,-0.75,-1.05,-6.9,14.16,-4.64
1731293869.4613652,-0.02,-0.52,-0.7,-43.15,-7.08,45.41
1731293968.4613652,-0.49,-0.49,-0.77,64.58,-10.44,-44.25
1731294067.4613652,-0.54,-0.68,-0.79,25.94,19.04,-37.72
1731294167.4613652,0.04,-0.61,-0.76,-28.56,4.7,56.76
1731294266.4613652,-0.21,-0.35,-0.61,53.77,-13.0,3.91
1731294366.4613652,-0.56,-0.62,-0.88,27.4,16.78,-50.54
1731294465.4613652,0.01,-0.63,-0.76,-30.09,10.25,42.05
1731294565.4613652,-0.08,-0.24,-0.7,-48.65,-5.62,54.38
1731294665.4613652,-0.55,-0.8,-0.8,45.96,5.37,-31.86
1731294764.4613652,-0.11,-0.66,-0.73,-21.3,15.56,15.01
1731294864.4613652,-0.14,-0.42,-0.71,-1.4,-8.79,8.85
1731294963.4613652,-0.62,-0.47,-0.85,29.85,-5.31,-36.13
1731295062.4613652,-0.43,-0.7,-0.91,-8.24,15.75,-11.29
1731295161.4613652,-0.06,-0.63,-0.82,-23.32,-0.61,42.91
1731295260.4613652,-0.52,-0.52,-0.78,30.94,-8.91,-13.49
1731295359.4613652,-0.5,-0.7,-0.74,7.2,19.04,-12.51
1731295458.4613652,0.01,-0.66,-0.84,-32.35,0.31,50.23
1731295558.4613652,-0.26,-0.32,-0.71,9.83,-19.17,17.4
1731295658.4613652,-0.49,-0.83,-1.0,38.39,-9.7,-33.14
1731295757.4613652,0.06,-0.63,-0.63,-49.26,4.64,31.49
1731295857.4613652,0.03,-0.24,-0.73,-34.42,3.66,38.39
1731295957.4613652,-0.48,-0.66,-0.91,72.81,4.27,-48.4
1731296056.4613652,-0.23,-0.88,-1.01,-46.94,10.07,1.77
1731296156.4613652,-0.03,-0.32,-0.76,-43.21,2.08,40.95
1731296256.4613652,-0.62,-0.44,-0.99,62.74,-3.48,-52.49
1731296355.4613652,-0.4,-0.76,-1.19,-30.4,15.99,8.54
1731296455.4613652,-0.01,-0.48,-0.8,-37.84,0.55,48.71
1731296555.4613652,-0.37,-0.47,-0.74,62.19,-6.23,-17.7
1731296654.4613652,-0.36,-0.6,-0.88,1.59,16.91,-43.21
1731296754.4613652,0.05,-0.58,-0.74,-33.57,3.23,39.79
1731296854.4613652,-0.16,-0.4,-0.69,-36.13,-7.81,43.4
1731296953.4613652,-0.49,-0.8,-0.82,11.66,13.67,-38.57
1731297053.4613652,-0.21,-0.64,-0.85,-36.8,17.46,-0.55
1731297153.4613652,-0.07,-0.53,-0.67,-34.97,-5.55,39.98
1731297252.4613652,-0.46,-0.7,-0.7,66.83,-10.19,-19.96
1731297352.4613652,-0.42,-0.8,-0.79,49.74,12.45,-34.42
1731297452.4613652,0.3,-0.46,-0.73,-25.39,4.64,32.59
1731297552.4613652,-0.41,-0.44,-0.75,80.38,-25.7,-27.04
1731297651.4613652,-0.59,-0.74,-1.05,30.03,16.78,-32.78
1731297750.4613652,0.13,-0.4,-0.84,-42.18,-3.91,67.38
1731297849.4613652,-0.61,-0.4,-0.86,41.26,-10.25,-35.52
1731297948.4613652,-0.49,-0.85,-0.9,21.06,18.49,-21.06
1731298047.4613652,0.05,-0.51,-0.84,-43.64,-7.93,75.81
1731298147.4613652,-0.34,-0.29,-0.82,28.69,-15.32,-15.26
1731298247.4613652,-0.39,-0.94,-0.89,1.1,12.88,-8.42
1731298346.4613652,0.2,-0.47,-0.78,-43.4,11.11,38.94
1731298446.4613652,-0.33,-0.47,-0.7,15.69,-14.1,7.39
1731298546.4613652,-0.34,-0.7,-0.78,-0.24,19.65,-32.96
1731298646.4613652,0.26,-0.6,-0.8,-25.7,11.29,30.52
1731298745.4613652,-0.1,-0.31,-0.79,0.61,-20.63,36.44
1731298845.4613652,-0.55,-0.78,-0.93,79.65,1.04,-51.03
1731298944.4613652,0.04,-0.5,-0.81,-39.25,28.44,17.27
1731299044.4613652,0.0,-0.28,-0.76,-25.39,-5.13,36.87
1731299143.4613652,-0.55,-0.57,-0.91,47.67,-3.42,-22.77
1731299243.4613652,-0.28,-0.8,-0.83,-7.32,29.24,-4.46
1731299342.4613652,0.17,-0.45,-0.82,-48.1,-0.43,49.99
1731299442.4613652,-0.3,-0.44,-0.79,65.98,-16.05,-19.96
1731299541.4613652,-0.4,-0.59,-0.96,37.6,7.69,-54.93
1731299641.4613652,0.2,-0.5,-0.86,-28.56,-2.01,33.45
1731299741.4613652,-0.25,-0.35,-0.81,16.42,-15.93,2.26
1731299841.4613652,-0.46,-0.67,-0.98,29.6,7.93,-39.98
1731299941.4613652,0.25,-0.44,-0.85,-70.25,29.85,44.31
1731300041.4613652,0.08,-0.2,-0.79,-18.68,-8.12,29.91
1731300140.4613652,-0.56,-0.68,-1.05,49.62,3.11,-52.43
1731300240.4613652,-0.03,-0.63,-0.96,-70.43,25.21,2.69
1731300339.4613652,0.0,-0.29,-0.76,-71.47,0.55,56.46
1731300438.4613652,-0.67,-0.63,-1.01,87.65,-7.63,-55.3
1731300538.4613652,-0.34,-0.8,-1.06,-39.79,20.02,0.18
1731300638.4613652,-0.0,-0.48,-0.77,-56.46,-4.03,57.43
1731300737.4613652,-0.48,-0.57,-0.75,71.11,-16.17,-31.92
1731300836.4613652,-0.37,-0.78,-0.74,-22.16,30.46,-1.22
1731300935.4613652,0.1,-0.42,-0.76,-13.73,9.89,22.77
1731301035.4613652,-0.45,-0.62,-0.8,69.27,-16.17,-19.59
1731301134.4613652,-0.44,-0.58,-0.78,21.97,17.94,-32.53
1731301234.4613652,0.08,-0.54,-0.86,-17.52,-0.43,37.66
1731301333.4613652,-0.31,-0.42,-0.82,51.21,-30.46,24.78
1731301433.4613652,-0.53,-0.82,-0.94,-20.08,23.19,-27.47
1731301532.4613652,0.2,-0.54,-0.85,-40.71,15.01,50.11
1731301631.4613652,0.08,-0.15,-0.59,-22.77,-15.32,22.83
1731301730.4613652,-0.51,-0.87,-0.96,45.84,4.64,-40.59
1731301830.4613652,-0.01,-0.65,-0.84,-10.86,15.2,-7.45
1731301930.4613652,0.05,-0.12,-0.65,-10.31,-2.87,16.97
1731302029.4613652,-0.53,-0.49,-1.0,57.25,29.54,-64.51
1731302129.4613652,-0.02,-0.61,-0.8,-59.33,7.75,38.15
1731302228.4613652,0.02,-0.07,-0.73,-51.03,1.34,28.02
1731302328.4613652,-0.51,-0.57,-0.94,53.34,-0.06,-55.79
1731302428.4613652,-0.04,-0.55,-0.82,-63.17,18.8,25.27
1731302528.4613652,-0.07,-0.38,-0.78,-42.05,-6.77,36.25
1731302627.4613652,-0.58,-0.51,-0.88,31.07,0.85,-34.0
1731302726.4613652,-0.34,-0.82,-0.8,10.38,26.18,-12.88
1731302826.4613652,0.03,-0.54,-0.8,-40.83,-5.62,51.76
1731302926.4613652,-0.23,-0.43,-0.67,14.04,-9.58,22.83
1731303025.4613652,-0.38,-0.75,-0.89,11.29,18.49,-41.81
1731303125.4613652,0.14,-0.55,-0.78,-36.8,16.72,24.48
1731303224.4613652,-0.04,-0.37,-0.68,-14.59,-9.77,45.29
1731303323.4613652,-0.57,-0.81,-0.95,83.13,-1.28,-53.16
1731303422.4613652,-0.32,-0.69,-1.06,-35.16,24.48,-12.57
1731303521.4613652,0.05,-0.43,-0.75,-52.55,-6.47,52.67
1731303621.4613652,-0.33,-0.45,-0.69,86.0,-19.65,-28.2
1731303721.4613652,-0.43,-0.69,-0.91,40.16,13.85,-44.92
1731303820.4613652,0.08,-0.45,-0.9,-21.18,19.65,31.68
1731303920.4613652,-0.05,-0.21,-0.78,-17.33,-12.02,30.52
1731304020.4613652,-0.57,-0.57,-0.96,7.93,12.33,-37.72
1731304120.4613652,-0.16,-0.57,-0.74,-12.63,27.34,10.5
1731304220.4613652,-0.02,-0.39,-0.82,-40.53,-4.64,30.15
1731304320.4613652,-0.47,-0.45,-0.9,41.87,-24.54,-24.54
1731304420.4613652,-0.44,-0.7,-0.88,-26.98,15.32,4.39
1731304520.4613652,0.11,-0.47,-0.83,-26.12,14.16,27.34
1731304620.4613652,-0.23,-0.44,-0.77,42.66,-19.1,2.5
1731304720.4613652,-0.48,-0.58,-0.93,35.16,26.73,-39.61
1731304820.4613652,0.14,-0.53,-0.87,-9.77,16.11,25.63
1731304920.4613652,-0.05,-0.25,-0.77,-32.47,-13.73,46.63
1731305019.4613652,-0.55,-0.64,-0.98,31.68,-3.48,-28.32
1731305119.4613652,-0.27,-0.59,-0.8,6.23,25.02,-6.41
1731305218.4613652,0.06,-0.36,-0.87,-35.1,-15.2,39.18
1731305318.4613652,-0.5,-0.44,-0.92,58.53,-23.86,-18.8
1731305418.4613652,-0.44,-0.59,-1.02,20.2,0.06,-31.86
1731305518.4613652,0.22,-0.5,-0.88,-20.26,5.98,37.11
1731305618.4613652,-0.09,-0.21,-0.81,-8.18,-14.4,3.11
1731305717.4613652,-0.37,-0.66,-0.98,20.51,4.64,-17.03
1731305816.4613652,0.15,-0.5,-0.86,-14.34,24.23,18.25
1731305916.4613652,-0.08,-0.38,-0.87,-53.53,5.13,23.13
1731306015.4613652,-0.41,-0.68,-0.94,32.9,7.93,-27.89
1731306114.4613652,-0.08,-0.57,-0.86,-24.66,24.66,2.56
1731306213.4613652,-0.05,-0.49,-0.74,-57.19,-5.37,52.55
1731306313.4613652,-0.35,-0.56,-0.76,44.86,-2.56,-8.42
1731306412.4613652,-0.34,-0.64,-0.78,-2.93,28.75,-26.61
1731306512.4613652,0.03,-0.53,-0.79,-25.57,-4.94,34.73
1731306611.4613652,-0.25,-0.46,-0.8,68.12,-16.05,-7.08
1731306710.4613652,-0.48,-0.54,-0.92,39.98,11.6,-50.54
1731306810.4613652,0.05,-0.51,-0.95,-20.94,19.78,23.68
1731306909.4613652,-0.11,-0.27,-0.89,-8.0,-15.63,24.66
1731307009.4613652,-0.53,-0.45,-0.94,18.31,1.16,-32.96
1731307108.4613652,-0.2,-0.52,-0.83,13.43,18.07,0.92
1731307207.4613652,-0.03,-0.42,-0.95,-32.84,-8.0,36.56
1731307306.4613652,-0.4,-0.47,-0.89,24.11,-12.27,-1.04
1731307405.4613652,-0.42,-0.47,-0.93,-3.78,33.2,-55.05
1731307504.4613652,0.01,-0.45,-0.86,-18.07,8.12,36.25
1731307604.4613652,-0.13,-0.09,-0.74,16.97,-2.62,-13.61
1731307704.4613652,-0.53,-0.37,-0.91,3.85,14.71,-39.79
1731307804.4613652,0.02,-0.47,-1.02,-20.69,5.49,29.85
1731307904.4613652,-0.08,-0.13,-0.75,5.19,-24.17,38.33
1731308003.4613652,-0.51,-0.35,-0.91,48.58,3.17,-48.77
1731308102.4613652,-0.14,-0.4,-1.06,-41.99,23.13,25.51
1731308202.4613652,-0.07,-0.24,-0.89,-17.94,-18.49,33.26
1731308301.4613652,-0.62,-0.28,-0.89,16.91,1.28,-30.64
1731308401.4613652,-0.23,-0.59,-1.11,-14.77,28.38,-0.85
1731308501.4613652,0.0,-0.35,-0.89,-20.02,-13.73,49.01
1731308600.4613652,-0.63,-0.31,-0.9,21.36,6.1,-32.17
1731308700.4613652,-0.38,-0.71,-0.86,-17.09,29.42,1.83
1731308800.4613652,-0.05,-0.45,-0.9,-43.7,-2.32,62.07
1731308899.4613652,-0.42,-0.41,-0.83,3.05,-1.65,12.39
1731308999.4613652,-0.38,-0.67,-0.92,7.69,15.5,-21.73
1731309099.4613652,-0.06,-0.58,-0.84,-17.64,-4.52,34.48
1731309198.4613652,-0.32,-0.39,-0.86,20.75,-8.18,-1.28
1731309298.4613652,-0.29,-0.33,-0.89,39.06,6.59,-30.46
1731309397.4613652,-0.07,-0.68,-1.01,-53.47,15.14,14.22
1731309496.4613652,-0.26,-0.35,-0.79,-51.64,-4.03,38.7
1731309595.4613652,-0.39,-0.24,-0.77,49.5,-1.71,-30.94
1731309694.4613652,-0.3,-0.77,-0.93,29.85,19.53,-28.81
1731309794.4613652,-0.17,-0.59,-0.9,-35.89,-6.04,47.55
1731309894.4613652,-0.39,-0.38,-0.78,22.71,-2.69,-5.13
1731309994.4613652,-0.44,-0.36,-0.86,28.87,23.93,-49.44
1731310094.4613652,-0.03,-0.48,-0.91,-13.49,9.28,38.15
1731310193.4613652,-0.41,-0.39,-0.84,11.54,-5.49,3.11
1731310292.4613652,-0.46,-0.16,-0.84,26.79,11.54,-38.33
1731310392.4613652,-0.29,-0.58,-1.13,-46.14,4.94,17.03
1731310491.4613652,-0.27,-0.3,-0.84,-33.57,-15.14,38.7
1731310591.4613652,-0.4,-0.13,-0.84,57.92,-6.96,-29.24
1731310690.4613652,-0.25,-0.74,-1.0,23.25,11.78,-28.81
1731310790.4613652,-0.25,-0.51,-0.94,-28.14,-9.64,49.74
1731310890.4613652,-0.26,-0.04,-0.81,-24.78,0.85,11.9
1731310990.4613652,-0.25,-0.25,-0.92,42.66,15.99,-45.72
1731311089.4613652,-0.15,-0.52,-0.95,-63.05,-2.38,16.97
1731311189.4613652,-0.26,-0.07,-0.88,-58.53,10.5,32.41
1731311289.4613652,-0.37,-0.35,-0.93,32.1,8.61,-19.71
1731311389.4613652,-0.34,-0.7,-1.12,-23.86,2.26,9.52
1731311488.4613652,-0.32,-0.46,-0.85,-43.58,1.77,49.01
1731311588.4613652,-0.32,-0.39,-0.85,33.81,6.23,-6.9
1731311687.4613652,-0.27,-0.56,-1.06,31.37,5.74,-22.95
1731311787.4613652,-0.2,-0.47,-0.85,-27.89,-2.14,26.31
1731311886.4613652,-0.21,-0.18,-0.84,-24.41,4.09,13.18
1731311985.4613652,-0.36,-0.32,-0.87,6.04,-2.62,-26.55
1731312084.4613652,-0.33,-0.76,-0.98,1.89,-1.53,-2.5
1731312184.4613652,-0.26,-0.51,-0.89,-15.26,-8.61,32.17
1731312284.4613652,-0.22,-0.27,-0.88,-9.34,-6.16,4.82
1731312384.4613652,-0.24,-0.43,-0.78,26.73,7.69,-20.08
1731312483.4613652,-0.15,-0.79,-1.15,41.93,17.4,-25.09
1731312582.4613652,-0.31,-0.59,-0.81,-40.41,-8.36,49.8
1731312682.4613652,-0.33,-0.17,-0.77,59.51,7.57,-15.93
1731312781.4613652,-0.38,-0.93,-1.19,30.58,12.15,-30.52
1731312881.4613652,-0.31,-0.52,-0.83,-28.63,-15.75,56.88
1731312980.4613652,-0.2,-0.11,-0.81,15.56,-2.69,-9.34
1731313079.4613652,-0.34,-0.37,-0.99,37.05,8.24,-46.75
1731313179.4613652,-0.22,-0.51,-0.92,-21.06,-7.39,27.28
1731313278.4613652,-0.23,-0.21,-0.87,-39.79,1.59,26.06
1731313377.4613652,-0.33,-0.3,-0.92,-0.18,3.6,-6.16
1731313477.4613652,-0.24,-0.6,-0.9,25.27,-2.44,-10.31
1731313576.4613652,-0.15,-0.42,-0.89,-44.43,-0.67,40.83
1731313676.4613652,-0.19,-0.34,-0.8,-52.73,9.16,32.53
1731313775.4613652,-0.23,-0.28,-0.81,31.25,13.61,-33.87
1731313875.4613652,-0.3,-0.71,-1.19,-59.63,3.85,-4.58
1731313974.4613652,-0.26,-0.54,-0.74,-26.73,-1.4,46.02
1731314074.4613652,-0.2,-0.34,-0.85,104.43,-5.25,-34.73
1731314174.4613652,-0.31,-0.44,-1.03,61.65,7.81,-63.9
1731314274.4613652,-0.11,-0.47,-0.89,-38.09,-14.95,38.27
1731314374.4613652,-0.5,-0.37,-0.8,28.63,-7.93,5.68
1731314473.4613652,-0.33,-0.42,-0.86,42.54,15.38,-27.53
1731314573.4613652,-0.04,-0.44,-0.92,-35.46,-7.26,54.69
1731314673.4613652,-0.2,-0.29,-0.8,-33.08,7.2,25.15
1731314773.4613652,-0.4,-0.27,-0.96,36.38,31.68,-31.8
1731314872.4613652,-0.28,-0.58,-1.28,-37.72,9.22,11.6
1731314972.4613652,-0.21,-0.28,-0.79,-43.95,-9.16,44.8
1731315072.4613652,-0.51,-0.35,-0.88,50.78,-3.3,-37.48
1731315172.4613652,-0.37,-0.77,-1.25,-30.64,18.68,-9.64
1731315272.4613652,-0.42,-0.68,-0.72,-1.1,-32.71,77.27
1731315372.4613652,-0.18,-0.16,-0.82,50.17,0.06,-27.53
1731315472.4613652,-0.21,-0.81,-1.05,0.61,-3.05,2.87
1731315572.4613652,-0.35,-0.04,-0.83,-5.55,3.05,-2.93
1731315671.4613652,-0.09,-0.78,-1.08,-2.69,9.64,-8.0
1731315771.4613652,-0.26,-0.35,-0.88,-47.73,-2.93,42.11
1731315871.4613652,-0.48,-0.27,-0.78,15.44,12.33,-35.22
1731315971.4613652,-0.19,-0.6,-0.94,-34.67,20.39,14.34
1731316071.4613652,-0.1,-0.41,-0.89,-27.53,-6.41,40.47
1731316171.4613652,-0.68,-0.35,-0.9,11.54,11.9,-60.91
1731316270.4613652,-0.43,-0.87,-1.33,-37.41,23.86,-2.69
1731316370.4613652,-0.1,-0.37,-0.75,-32.96,-11.41,84.66
1731316470.4613652,-0.69,-0.66,-0.94,114.56,-8.67,-39.92
1731316569.4613652,-0.35,-0.9,-1.25,-18.37,26.79,-14.04
1731316668.4613652,-0.08,-0.44,-0.79,-36.68,-16.11,82.82
1731316768.4613652,-0.75,-0.45,-0.92,68.05,-4.27,-33.14
1731316868.4613652,-0.46,-0.89,-1.01,35.77,21.85,-11.6
1731316968.4613652,-0.01,-0.5,-0.79,-24.05,-18.62,50.96
1731317067.4613652,-0.76,-0.44,-0.86,34.24,-2.99,-48.52
1731317167.4613652,-0.41,-0.56,-0.71,28.02,36.25,-41.32
1731317266.4613652,-0.07,-0.5,-0.9,-16.97,-13.98,52.12
1731317366.4613652,-0.52,-0.25,-0.8,22.09,-9.7,6.84
1731317466.4613652,-0.43,-0.4,-0.78,9.28,31.74,-40.71
1731317565.4613652,0.04,-0.57,-0.9,-42.3,13.98,55.54
1731317665.4613652,-0.42,-0.33,-0.8,15.87,-27.22,26.37
1731317764.4613652,-0.69,-0.46,-0.88,43.58,19.41,-57.19
1731317863.4613652,0.29,-0.68,-1.01,-52.61,10.68,26.98
1731317962.4613652,-0.22,-0.15,-0.85,-12.94,-22.71,23.62
1731318062.4613652,-0.8,-0.4,-0.88,49.19,14.53,-79.83
1731318162.4613652,-0.22,-0.45,-0.96,-11.11,7.87,49.38
1731318262.4613652,-0.17,-0.12,-0.84,-118.53,0.43,47.12
1731318361.4613652,-0.75,-0.5,-0.92,41.5,13.98,-54.57
1731318461.4613652,-0.3,-0.58,-1.01,-60.61,17.4,26.98
1731318561.4613652,-0.12,-0.38,-0.78,-42.48,-23.86,72.33
1731318661.4613652,-0.81,-0.56,-0.85,74.71,-4.03,-48.46
1731318761.4613652,-0.42,-0.84,-0.83,19.35,28.93,-12.88
1731318861.4613652,-0.01,-0.45,-0.8,-31.31,-16.17,69.4
1731318960.4613652,-0.48,-0.3,-0.79,55.91,-18.13,-31.31
1731319060.4613652,-0.45,-0.61,-0.86,15.38,35.22,-51.7
1731319159.4613652,-0.05,-0.73,-0.88,-17.33,-39.06,64.82
1731319259.4613652,-0.41,-0.26,-0.63,7.69,-14.59,9.83
1731319359.4613652,-0.36,-0.74,-0.86,3.36,29.17,-55.05
1731319459.4613652,0.04,-0.58,-0.72,-40.28,-10.13,65.92
1731319559.4613652,-0.48,-0.32,-0.75,38.09,-5.19,-2.14
1731319659.4613652,-0.4,-0.63,-0.83,22.64,32.78,-57.31
1731319759.4613652,0.0,-0.59,-0.79,-46.02,4.03,52.37
1731319859.4613652,-0.43,-0.36,-0.69,-2.26,-5.37,9.03
1731319959.4613652,-0.41,-0.6,-0.79,21.18,25.02,-55.6
1731320058.4613652,-0.05,-0.55,-0.73,-47.0,10.07,46.57
1731320157.4613652,-0.27,-0.46,-0.76,-5.86,-17.46,29.79
1731320257.4613652,-0.64,-0.54,-0.8,40.22,13.98,-58.59
1731320356.4613652,-0.26,-0.61,-0.96,-35.64,5.62,-0.85
1731320455.4613652,-0.17,-0.52,-0.7,-32.41,-24.72,77.09
1731320555.4613652,-0.55,-0.49,-0.73,79.04,0.37,-29.17
1731320654.4613652,-0.34,-0.74,-0.87,26.49,22.28,-50.05
1731320753.4613652,-0.08,-0.55,-0.64,-55.97,-17.15,71.53
1731320852.4613652,-0.38,-0.41,-0.67,42.24,1.95,-14.04
1731320952.4613652,-0.42,-0.49,-0.85,7.45,30.88,-71.29
1731321051.4613652,-0.07,-0.66,-0.82,-63.48,5.43,35.34
1731321150.4613652,-0.28,-0.42,-0.76,-32.53,-11.9,35.34
1731321250.4613652,-0.65,-0.55,-0.82,25.27,22.77,-68.36
1731321350.4613652,-0.26,-0.66,-0.97,-32.78,23.86,15.56
1731321450.4613652,-0.26,-0.42,-0.7,-15.69,-17.4,53.04
1731321550.4613652,-0.73,-0.6,-0.8,49.56,4.58,-46.51
1731321650.4613652,-0.37,-0.81,-0.87,9.03,17.09,-15.44
1731321750.4613652,-0.13,-0.51,-0.68,-34.48,-23.13,89.9
1731321849.4613652,-0.47,-0.54,-0.7,68.18,-8.61,-7.63
1731321949.4613652,-0.45,-0.63,-0.92,39.98,14.4,-67.32
1731322049.4613652,-0.06,-0.64,-0.74,-30.27,-15.87,56.34
1731322148.4613652,-0.28,-0.2,-0.6,21.85,-2.26,-1.34
1731322248.4613652,-0.52,-0.52,-0.92,34.36,31.62,-65.86
1731322348.4613652,-0.09,-0.57,-0.84,-35.16,-1.83,43.21
1731322447.4613652,-0.33,-0.27,-0.78,-46.45,2.08,23.99
1731322547.4613652,-0.53,-0.46,-0.97,43.88,10.5,-59.08
1731322646.4613652,-0.18,-0.63,-0.9,-36.44,-15.08,29.6
1731322746.4613652,-0.3,-0.57,-1.07,-45.65,-41.99,61.95
1731322846.4613652,-0.16,-0.75,-0.85,-48.28,-67.44,12.33
1731322946.4613652,0.11,-0.64,-0.56,-93.57,-72.75,37.29
1731323045.4613652,0.18,-0.81,-0.45,-79.04,-76.35,37.96
1731323144.4613652,0.29,-0.84,-0.36,-16.66,-51.88,0.24
1731323243.4613652,0.25,-0.82,-0.35,-11.9,-29.6,-0.67
1731323343.4613652,0.25,-0.83,-0.37,7.14,-27.4,2.87
1731323442.4613652,0.28,-0.9,-0.4,17.21,-19.96,-5.8
1731323541.4613652,0.29,-0.91,-0.37,13.37,-18.55,-0.24
1731323640.4613652,0.26,-0.87,-0.41,6.59,-4.64,6.16
1731323739.4613652,0.26,-0.87,-0.46,27.34,-3.11,-3.42
1731323839.4613652,0.29,-0.85,-0.45,10.31,8.42,-1.16
1731323938.4613652,0.21,-0.9,-0.49,-8.79,20.14,6.59
1731324037.4613652,0.25,-0.87,-0.5,-40.16,38.51,14.16
1731324137.4613652,0.31,-0.95,-0.51,3.6,22.89,6.77
1731324237.4613652,0.36,-0.82,-0.36,-9.22,8.18,9.28
1731324337.4613652,0.39,-0.94,-0.33,8.42,-3.66,14.22
1731324436.4613652,0.5,-0.83,-0.37,-8.61,-15.93,23.99
1731324536.4613652,0.43,-0.92,-0.33,-4.21,-37.9,9.58
1731324636.4613652,0.42,-0.94,-0.46,14.53,-15.14,-11.11
1731324735.4613652,0.41,-0.87,-0.3,-13.31,-20.32,-19.35
1731324834.4613652,0.36,-0.83,-0.36,-18.55,-3.54,-2.14
1731324933.4613652,0.29,-0.82,-0.46,-2.32,-3.54,-48.77
1731325033.4613652,0.33,-1.07,-0.3,8.48,-1.59,-4.39
1731325132.4613652,0.25,-0.72,-0.24,37.23,-1.77,23.25
1731325231.4613652,0.23,-0.93,-0.36,35.16,1.53,-40.65
1731325330.4613652,0.32,-1.0,-0.29,-6.16,-2.81,26.37
1731325429.4613652,0.24,-0.69,-0.44,68.12,-12.57,24.29
1731325529.4613652,0.19,-1.11,-0.57,22.34,-4.39,-36.44
1731325629.4613652,0.39,-0.83,-0.37,-30.03,4.21,53.04
1731325729.4613652,0.33,-0.66,-0.73,42.05,-10.44,16.36
1731325829.4613652,0.3,-1.28,-0.57,6.71,-1.59,-20.32
1731325929.4613652,0.46,-0.67,-0.44,-41.02,6.77,49.56
1731326029.4613652,0.28,-0.59,-0.65,15.56,-6.16,-13.73
1731326128.4613652,0.37,-1.38,-0.64,-21.06,0.06,-11.96
1731326227.4613652,0.58,-0.5,-0.31,-25.94,7.63,22.89
1731326327.4613652,0.28,-0.66,-0.58,10.62,-3.05,-36.01
1731326427.4613652,0.46,-1.17,-0.32,-36.93,0.18,17.03
1731326527.4613652,0.37,-0.62,-0.34,28.26,-1.65,11.84
1731326627.4613652,0.22,-0.92,-0.35,25.76,-8.48,-51.33
1731326727.4613652,0.45,-0.92,-0.21,-29.17,14.59,46.57
1731326826.4613652,0.31,-0.69,-0.42,58.41,-0.73,3.11
1731326926.4613652,0.29,-0.83,-0.41,79.04,4.09,-48.46
1731327026.4613652,0.48,-0.74,-0.5,-8.85,-9.89,57.07
1731327126.4613652,0.19,-0.53,-0.72,68.24,2.26,-10.62
1731327225.4613652,0.43,-0.97,-0.94,-34.42,18.98,-0.67
1731327324.4613652,0.5,-0.48,-0.52,-22.83,-13.55,32.1
1731327423.4613652,0.29,-0.62,-0.73,9.4,-0.49,-11.05
1731327523.4613652,0.42,-1.07,-0.64,-44.74,11.05,6.84
1731327622.4613652,0.52,-0.38,-0.42,-22.52,-2.75,21.3
1731327722.4613652,0.34,-0.5,-0.44,16.6,-0.79,-47.67
1731327821.4613652,0.46,-1.04,-0.53,-57.86,-6.65,26.12
1731327921.4613652,0.42,-0.63,-0.35,39.98,-6.04,10.68
1731328020.4613652,0.36,-0.69,-0.47,32.1,-6.1,-39.92
1731328120.4613652,0.63,-1.01,-0.41,-28.38,-5.92,28.08
1731328220.4613652,0.53,-0.51,-0.41,-16.6,-9.34,7.2
1731328320.4613652,0.23,-0.88,-0.56,26.98,-15.69,-62.26
1731328420.4613652,0.48,-0.92,-0.44,-14.71,-9.46,11.29
1731328519.4613652,0.3,-0.64,-0.46,15.38,-7.69,-13.06
1731328619.4613652,0.26,-1.02,-0.5,10.07,0.73,-32.84
1731328719.4613652,0.47,-0.87,-0.43,-16.05,0.92,33.39
1731328819.4613652,0.28,-0.65,-0.55,2.62,-2.87,-3.78
1731328919.4613652,0.3,-1.07,-0.61,-0.43,7.51,-8.79
1731329018.4613652,0.49,-0.77,-0.42,-12.7,2.69,32.04
1731329118.4613652,0.3,-0.62,-0.54,22.28,-3.17,-23.99
1731329217.4613652,0.28,-1.17,-0.69,27.59,6.04,-15.56
1731329317.4613652,0.44,-0.55,-0.52,28.44,-16.24,8.06
1731329417.4613652,0.2,-0.62,-0.59,44.62,-6.35,-33.51
1731329517.4613652,0.45,-0.8,-0.81,-39.92,-7.26,39.12
1731329617.4613652,0.22,-0.52,-0.6,-43.4,21.06,22.64
1731329717.4613652,0.41,-0.98,-0.66,-4.46,19.59,-13.18
1731329817.4613652,0.49,-0.75,-0.56,-37.35,-19.53,40.83
1731329917.4613652,0.31,-0.58,-0.51,-31.37,10.5,-15.44
1731330017.4613652,0.45,-0.91,-0.48,-28.08,11.72,3.78
1731330117.4613652,0.51,-0.62,-0.44,-28.38,1.77,33.57
1731330216.4613652,0.4,-0.55,-0.37,-14.47,-3.42,-30.88
1731330316.4613652,0.48,-1.07,-0.38,-2.32,-3.91,19.17
1731330416.4613652,0.42,-0.72,-0.42,22.16,6.04,19.23
1731330515.4613652,0.33,-0.96,-0.44,13.73,-3.6,-43.88
1731330615.4613652,0.49,-0.83,-0.42,3.91,3.05,43.33
1731330715.4613652,0.34,-0.53,-0.6,-21.0,3.91,-5.31
1731330814.4613652,0.33,-1.06,-0.52,3.05,19.59,-9.34
1731330914.4613652,0.47,-0.73,-0.48,10.56,16.91,38.45
1731331014.4613652,0.2,-0.71,-0.62,-2.08,20.14,-20.14
1731331114.4613652,0.51,-0.87,-0.63,-46.14,32.17,17.46
1731331214.4613652,0.57,-0.55,-0.45,-12.51,-0.61,41.56
1731331314.4613652,0.22,-0.6,-0.61,9.83,3.66,-27.1
1731331414.4613652,0.42,-1.15,-0.68,-30.46,15.5,24.72
1731331514.4613652,0.55,-0.5,-0.43,-5.62,7.57,32.23
1731331614.4613652,0.32,-0.72,-0.56,15.69,-0.55,-56.46
1731331714.4613652,0.36,-1.01,-0.44,-80.51,3.42,23.44
1731331813.4613652,0.54,-0.51,-0.35,29.42,3.11,29.6
1731331912.4613652,0.38,-0.8,-0.5,8.12,-6.71,-50.84
1731332011.4613652,0.43,-0.95,-0.28,-58.41,4.03,33.14
1731332111.4613652,0.41,-0.64,-0.4,26.12,8.0,23.07
1731332211.4613652,0.33,-0.98,-0.49,30.58,-6.1,-57.5
1731332311.4613652,0.45,-0.86,-0.2,-51.33,13.67,47.36
1731332411.4613652,0.37,-0.71,-0.46,35.89,8.54,17.88
1731332510.4613652,0.33,-1.2,-0.33,8.54,-4.33,-24.72
1731332610.4613652,0.52,-0.78,-0.29,-49.01,27.1,49.32
1731332709.4613652,0.43,-0.61,-0.48,-3.11,-1.04,-24.05
1731332808.4613652,0.38,-1.19,-0.34,-11.23,-5.49,-18.07
1731332907.4613652,0.5,-0.71,-0.29,-21.0,26.67,40.47
1731333006.4613652,0.4,-0.71,-0.48,17.15,0.37,-39.73
1731333105.4613652,0.43,-1.12,-0.26,-21.48,1.16,14.28
1731333205.4613652,0.58,-0.52,-0.33,32.29,6.29,11.41
1731333305.4613652,0.27,-0.65,-0.45,55.79,4.09,-71.9
1731333404.4613652,0.4,-1.02,-0.61,-10.01,4.64,36.93
1731333504.4613652,0.32,-0.58,-0.58,63.42,-3.85,17.64
1731333603.4613652,0.2,-0.87,-0.62,-0.18,19.04,-28.26
1731333702.4613652,0.46,-0.9,-0.61,-9.09,2.87,38.45
1731333802.4613652,0.27,-0.63,-0.66,43.46,0.73,1.46
1731333902.4613652,0.15,-0.98,-0.76,-27.95,17.27,-56.4
1731334001.4613652,0.33,-0.85,-0.56,-42.66,6.77,53.47
1731334100.4613652,0.21,-0.56,-0.6,18.01,-4.76,8.79
1731334199.4613652,0.2,-1.24,-0.65,-9.16,-1.65,-11.23
1731334298.4613652,0.44,-0.65,-0.47,-16.54,-2.2,53.04
1731334397.4613652,0.31,-0.56,-0.66,6.47,-4.15,-13.18
1731334497.4613652,0.39,-1.05,-0.44,-40.34,-5.49,24.78
1731334597.4613652,0.52,-0.5,-0.38,23.74,2.87,20.63
1731334697.4613652,0.35,-0.82,-0.61,42.72,-3.23,-59.39
1731334796.4613652,0.39,-0.88,-0.37,-19.65,-0.61,43.52
1731334895.4613652,0.33,-0.64,-0.75,9.58,-3.36,-1.16
1731334995.4613652,0.32,-1.04,-0.59,-12.33,8.0,-27.47
1731335095.4613652,0.47,-0.65,-0.5,-10.31,16.42,40.77
1731335195.4613652,0.36,-0.65,-0.53,-13.43,17.4,-57.98
1731335295.4613652,0.3,-0.9,-0.73,-19.53,17.4,-14.4
1731335395.4613652,0.21,-0.63,-0.59,74.77,-10.13,1.65
1731335495.4613652,0.1,-1.03,-0.73,-54.69,-2.14,-10.38
1731335594.4613652,0.41,-0.61,-0.56,-22.64,-4.33,72.27
